sample	aliquot	type	injection	replicate	batch	order	datetime	compound	rt	area	compound_is	rt_is	area_is
s0001	s0001qc_a1	qc	1	a	1	1	2015-03-05 16:49:00	PGE1	5.093999999999999	2214.0	d4-PGE1	5.085	322370.0
s0001	s0001qc_a1	qc	1	a	1	1	2015-03-05 16:49:00	PGE2	4.899	50416.0	d9-PGE2	4.8469999999999995	68886.0
s0001	s0001qc_a1	qc	1	a	1	1	2015-03-05 16:49:00	PGE3	4.1339999999999995	726570.0	d9-PGE2	4.8469999999999995	68886.0
s0001	s0001blank_a1	blank	1	a	1	2	2015-03-05 17:03:00	PGE1	5.022	83.0	d4-PGE1		
s0001	s0001blank_a1	blank	1	a	1	2	2015-03-05 17:03:00	PGE2			d9-PGE2		
s0001	s0001blank_a1	blank	1	a	1	2	2015-03-05 17:03:00	PGE3			d9-PGE2		
s0001	s0001qc_a2	qc	2	a	1	3	2015-03-05 17:18:00	PGE1	5.102	2243.0	d4-PGE1	5.0889999999999995	328153.0
s0001	s0001qc_a2	qc	2	a	1	3	2015-03-05 17:18:00	PGE2	4.905	49109.0	d9-PGE2	4.851	59513.0
s0001	s0001qc_a2	qc	2	a	1	3	2015-03-05 17:18:00	PGE3	4.137	741882.0	d9-PGE2	4.851	59513.0
s0001cal0	s0001cal0_a1	cal	1	a	1	4	2015-03-05 17:32:00	PGE1	5.207000000000001	2030.0	d4-PGE1	5.077	339093.0
s0001cal0	s0001cal0_a1	cal	1	a	1	4	2015-03-05 17:32:00	PGE2	4.895	55981.0	d9-PGE2	4.843	68452.0
s0001cal0	s0001cal0_a1	cal	1	a	1	4	2015-03-05 17:32:00	PGE3	4.128	849042.0	d9-PGE2	4.843	68452.0
s0001cal1	s0001cal1_a1	cal	1	a	1	5	2015-03-05 17:47:00	PGE1	5.09	25920.0	d4-PGE1	5.077	290810.0
s0001cal1	s0001cal1_a1	cal	1	a	1	5	2015-03-05 17:47:00	PGE2	4.8919999999999995	77213.0	d9-PGE2	4.84	60212.0
s0001cal1	s0001cal1_a1	cal	1	a	1	5	2015-03-05 17:47:00	PGE3	4.126	793568.0	d9-PGE2	4.84	60212.0
s0001cal2	s0001cal2_a1	cal	1	a	1	6	2015-03-05 18:01:00	PGE1	5.098	52134.0	d4-PGE1	5.087	293591.0
s0001cal2	s0001cal2_a1	cal	1	a	1	6	2015-03-05 18:01:00	PGE2	4.901	97970.0	d9-PGE2	4.849	61416.0
s0001cal2	s0001cal2_a1	cal	1	a	1	6	2015-03-05 18:01:00	PGE3	4.132	805529.0	d9-PGE2	4.849	61416.0
s0001cal3	s0001cal3_a1	cal	1	a	1	7	2015-03-05 18:15:00	PGE1	5.093999999999999	87418.0	d4-PGE1	5.083	298615.0
s0001cal3	s0001cal3_a1	cal	1	a	1	7	2015-03-05 18:15:00	PGE2	4.894	139624.0	d9-PGE2	4.842	60549.0
s0001cal3	s0001cal3_a1	cal	1	a	1	7	2015-03-05 18:15:00	PGE3	4.13	812215.0	d9-PGE2	4.842	60549.0
s0001cal4	s0001cal4_a1	cal	1	a	1	8	2015-03-05 18:30:00	PGE1	5.0889999999999995	470169.0	d4-PGE1	5.077	338837.0
s0001cal4	s0001cal4_a1	cal	1	a	1	8	2015-03-05 18:30:00	PGE2	4.886	587279.0	d9-PGE2	4.834	67650.0
s0001cal4	s0001cal4_a1	cal	1	a	1	8	2015-03-05 18:30:00	PGE3	4.128	1062888.0	d9-PGE2	4.834	67650.0
s0001cal5	s0001cal5_a1	cal	1	a	1	9	2015-03-05 18:44:00	PGE1	5.098	768634.0	d4-PGE1	5.087	354655.0
s0001cal5	s0001cal5_a1	cal	1	a	1	9	2015-03-05 18:44:00	PGE2	4.906000000000001	946025.0	d9-PGE2	4.856	80455.0
s0001cal5	s0001cal5_a1	cal	1	a	1	9	2015-03-05 18:44:00	PGE3	4.1339999999999995	1238209.0	d9-PGE2	4.856	80455.0
s0001cal6	s0001cal6_a1	cal	1	a	1	10	2015-03-05 18:59:00	PGE1	5.09	1763659.0	d4-PGE1	5.08	408375.0
s0001cal6	s0001cal6_a1	cal	1	a	1	10	2015-03-05 18:59:00	PGE2	4.888	2077866.0	d9-PGE2	4.835	86054.0
s0001cal6	s0001cal6_a1	cal	1	a	1	10	2015-03-05 18:59:00	PGE3	4.093999999999999	1716165.0	d9-PGE2	4.835	86054.0
s0001	s0001qc_b1	qc	1	b	1	11	2015-03-05 19:13:00	PGE1	5.087	3685.0	d4-PGE1	5.08	321696.0
s0001	s0001qc_b1	qc	1	b	1	11	2015-03-05 19:13:00	PGE2	4.893	48308.0	d9-PGE2	4.84	63588.0
s0001	s0001qc_b1	qc	1	b	1	11	2015-03-05 19:13:00	PGE3	4.128	779991.0	d9-PGE2	4.84	63588.0
s0001	s0001blank_a2	blank	2	a	1	12	2015-03-05 19:28:00	PGE1	5.154	70.0	d4-PGE1		
s0001	s0001blank_a2	blank	2	a	1	12	2015-03-05 19:28:00	PGE2			d9-PGE2		
s0001	s0001blank_a2	blank	2	a	1	12	2015-03-05 19:28:00	PGE3			d9-PGE2		
s0001	s0001qc_b2	qc	2	b	1	13	2015-03-05 19:42:00	PGE1	5.093999999999999	2415.0	d4-PGE1	5.079	306806.0
s0001	s0001qc_b2	qc	2	b	1	13	2015-03-05 19:42:00	PGE2	4.89	47756.0	d9-PGE2	4.837	61025.0
s0001	s0001qc_b2	qc	2	b	1	13	2015-03-05 19:42:00	PGE3	4.125	790711.0	d9-PGE2	4.837	61025.0
s108	s108_a1	sample	1	a	1	14	2015-03-05 19:56:00	PGE1	5.093999999999999	1466.0	d4-PGE1	5.081	286720.0
s108	s108_a1	sample	1	a	1	14	2015-03-05 19:56:00	PGE2	4.9	38049.0	d9-PGE2	4.843999999999999	54598.0
s108	s108_a1	sample	1	a	1	14	2015-03-05 19:56:00	PGE3	4.128	183638.0	d9-PGE2	4.843999999999999	54598.0
s173	s173_a1	sample	1	a	1	15	2015-03-05 20:11:00	PGE1	5.086	949.0	d4-PGE1	5.075	316741.0
s173	s173_a1	sample	1	a	1	15	2015-03-05 20:11:00	PGE2	4.9	26447.0	d9-PGE2	4.837	72832.0
s173	s173_a1	sample	1	a	1	15	2015-03-05 20:11:00	PGE3	4.123	328938.0	d9-PGE2	4.837	72832.0
s196	s196_a1	sample	1	a	1	16	2015-03-05 20:25:00	PGE1	5.103	3542.0	d4-PGE1	5.091	317773.0
s196	s196_a1	sample	1	a	1	16	2015-03-05 20:25:00	PGE2	4.9030000000000005	57591.0	d9-PGE2	4.853	69141.0
s196	s196_a1	sample	1	a	1	16	2015-03-05 20:25:00	PGE3	4.14	239607.0	d9-PGE2	4.853	69141.0
s194	s194_a1	sample	1	a	1	17	2015-03-05 20:40:00	PGE1	5.027	2025.0	d4-PGE1	5.086	380663.0
s194	s194_a1	sample	1	a	1	17	2015-03-05 20:40:00	PGE2	4.9030000000000005	18248.0	d9-PGE2	4.8469999999999995	83701.0
s194	s194_a1	sample	1	a	1	17	2015-03-05 20:40:00	PGE3	4.131	1170069.0	d9-PGE2	4.8469999999999995	83701.0
s141	s141_a1	sample	1	a	1	18	2015-03-05 20:54:00	PGE1	5.085	3980.0	d4-PGE1	5.074	363749.0
s141	s141_a1	sample	1	a	1	18	2015-03-05 20:54:00	PGE2	4.888	72066.0	d9-PGE2	4.835	87505.0
s141	s141_a1	sample	1	a	1	18	2015-03-05 20:54:00	PGE3	4.124	1145886.0	d9-PGE2	4.835	87505.0
s083	s083_a1	sample	1	a	1	19	2015-03-05 21:09:00	PGE1	5.086	10364.0	d4-PGE1	5.075	327545.0
s083	s083_a1	sample	1	a	1	19	2015-03-05 21:09:00	PGE2	4.891	128843.0	d9-PGE2	4.842	78981.0
s083	s083_a1	sample	1	a	1	19	2015-03-05 21:09:00	PGE3	4.128	609203.0	d9-PGE2	4.842	78981.0
s071	s071_a1	sample	1	a	1	20	2015-03-05 21:23:00	PGE1	5.08	4573.0	d4-PGE1	5.074	332211.0
s071	s071_a1	sample	1	a	1	20	2015-03-05 21:23:00	PGE2	4.888	77666.0	d9-PGE2	4.837	76773.0
s071	s071_a1	sample	1	a	1	20	2015-03-05 21:23:00	PGE3	4.127	70096.0	d9-PGE2	4.837	76773.0
s183	s183_a1	sample	1	a	1	21	2015-03-05 21:37:00	PGE1	5.0889999999999995	6967.0	d4-PGE1	5.083	322120.0
s183	s183_a1	sample	1	a	1	21	2015-03-05 21:37:00	PGE2	4.898	100422.0	d9-PGE2	4.843999999999999	67660.0
s183	s183_a1	sample	1	a	1	21	2015-03-05 21:37:00	PGE3	4.128	109339.0	d9-PGE2	4.843999999999999	67660.0
s091	s091_a1	sample	1	a	1	22	2015-03-05 21:52:00	PGE1	5.091	1467.0	d4-PGE1	5.079	337605.0
s091	s091_a1	sample	1	a	1	22	2015-03-05 21:52:00	PGE2	4.895	36734.0	d9-PGE2	4.846	76741.0
s091	s091_a1	sample	1	a	1	22	2015-03-05 21:52:00	PGE3	4.141	508057.0	d9-PGE2	4.846	76741.0
s0001	s0001qc_c1	qc	1	c	1	23	2015-03-05 22:06:00	PGE1	5.035	1340.0	d4-PGE1	5.079	288808.0
s0001	s0001qc_c1	qc	1	c	1	23	2015-03-05 22:06:00	PGE2	4.893	48391.0	d9-PGE2	4.8389999999999995	67461.0
s0001	s0001qc_c1	qc	1	c	1	23	2015-03-05 22:06:00	PGE3	4.136	818302.0	d9-PGE2	4.8389999999999995	67461.0
s163	s163_a1	sample	1	a	1	24	2015-03-05 22:21:00	PGE1	5.092	9411.0	d4-PGE1	5.081	338277.0
s163	s163_a1	sample	1	a	1	24	2015-03-05 22:21:00	PGE2	4.895	131437.0	d9-PGE2	4.843999999999999	70862.0
s163	s163_a1	sample	1	a	1	24	2015-03-05 22:21:00	PGE3	4.133	80945.0	d9-PGE2	4.843999999999999	70862.0
s032	s032_a1	sample	1	a	1	25	2015-03-05 22:35:00	PGE1	5.051	1068.0	d4-PGE1	5.085	376176.0
s032	s032_a1	sample	1	a	1	25	2015-03-05 22:35:00	PGE2	4.905	39799.0	d9-PGE2	4.849	83231.0
s032	s032_a1	sample	1	a	1	25	2015-03-05 22:35:00	PGE3	4.141	152946.0	d9-PGE2	4.849	83231.0
s197	s197_a1	sample	1	a	1	26	2015-03-05 22:49:00	PGE1	5.104	5672.0	d4-PGE1	5.087	339094.0
s197	s197_a1	sample	1	a	1	26	2015-03-05 22:49:00	PGE2	4.897	92414.0	d9-PGE2	4.846	78190.0
s197	s197_a1	sample	1	a	1	26	2015-03-05 22:49:00	PGE3	4.144	548969.0	d9-PGE2	4.846	78190.0
s073	s073_a1	sample	1	a	1	27	2015-03-05 23:04:00	PGE1	5.087	3122.0	d4-PGE1	5.077	316691.0
s073	s073_a1	sample	1	a	1	27	2015-03-05 23:04:00	PGE2	4.893	65300.0	d9-PGE2	4.842	79444.0
s073	s073_a1	sample	1	a	1	27	2015-03-05 23:04:00	PGE3	4.135	238691.0	d9-PGE2	4.842	79444.0
s098	s098_a1	sample	1	a	1	28	2015-03-05 23:18:00	PGE1	5.093	3744.0	d4-PGE1	5.08	347694.0
s098	s098_a1	sample	1	a	1	28	2015-03-05 23:18:00	PGE2	4.8919999999999995	74508.0	d9-PGE2	4.843	82272.0
s098	s098_a1	sample	1	a	1	28	2015-03-05 23:18:00	PGE3	4.138999999999999	629933.0	d9-PGE2	4.843	82272.0
s164	s164_a1	sample	1	a	1	29	2015-03-05 23:33:00	PGE1	5.09	4916.0	d4-PGE1	5.078	310041.0
s164	s164_a1	sample	1	a	1	29	2015-03-05 23:33:00	PGE2	4.894	87090.0	d9-PGE2	4.84	70206.0
s164	s164_a1	sample	1	a	1	29	2015-03-05 23:33:00	PGE3	4.1339999999999995	112596.0	d9-PGE2	4.84	70206.0
s013	s013_a1	sample	1	a	1	30	2015-03-05 23:47:00	PGE1	5.121	1709.0	d4-PGE1	5.09	318680.0
s013	s013_a1	sample	1	a	1	30	2015-03-05 23:47:00	PGE2	4.904	32159.0	d9-PGE2	4.846	74605.0
s013	s013_a1	sample	1	a	1	30	2015-03-05 23:47:00	PGE3	4.144	4858601.0	d9-PGE2	4.846	74605.0
s007	s007_a1	sample	1	a	1	31	2015-03-06 00:01:00	PGE1	5.044	1858.0	d4-PGE1	5.083	369207.0
s007	s007_a1	sample	1	a	1	31	2015-03-06 00:01:00	PGE2	4.888999999999999	33954.0	d9-PGE2	4.842	82971.0
s007	s007_a1	sample	1	a	1	31	2015-03-06 00:01:00	PGE3	4.136	2691191.0	d9-PGE2	4.842	82971.0
s110	s110_a1	sample	1	a	1	32	2015-03-06 00:16:00	PGE1	5.1	7035.0	d4-PGE1	5.09	297181.0
s110	s110_a1	sample	1	a	1	32	2015-03-06 00:16:00	PGE2	4.905	106577.0	d9-PGE2	4.856	61245.0
s110	s110_a1	sample	1	a	1	32	2015-03-06 00:16:00	PGE3	4.148	778764.0	d9-PGE2	4.856	61245.0
s0001	s0001qc_c2	qc	2	c	1	33	2015-03-06 00:30:00	PGE1	5.1	3673.0	d4-PGE1	5.082	288799.0
s0001	s0001qc_c2	qc	2	c	1	33	2015-03-06 00:30:00	PGE2	4.9030000000000005	45128.0	d9-PGE2	4.849	61182.0
s0001	s0001qc_c2	qc	2	c	1	33	2015-03-06 00:30:00	PGE3	4.144	859985.0	d9-PGE2	4.849	61182.0
s126	s126_a1	sample	1	a	1	34	2015-03-06 00:45:00	PGE1	5.092	2083.0	d4-PGE1	5.082	326158.0
s126	s126_a1	sample	1	a	1	34	2015-03-06 00:45:00	PGE2	4.895	48386.0	d9-PGE2	4.843999999999999	76822.0
s126	s126_a1	sample	1	a	1	34	2015-03-06 00:45:00	PGE3	4.136	320300.0	d9-PGE2	4.843999999999999	76822.0
s165	s165_a1	sample	1	a	1	35	2015-03-06 00:59:00	PGE1	5.059	36366.0	d4-PGE1	5.084	310749.0
s165	s165_a1	sample	1	a	1	35	2015-03-06 00:59:00	PGE2	4.862	241647.0	d9-PGE2	4.848	71495.0
s165	s165_a1	sample	1	a	1	35	2015-03-06 00:59:00	PGE3	4.072	20459.0	d9-PGE2	4.848	71495.0
s179	s179_a1	sample	1	a	1	36	2015-03-06 01:13:00	PGE1	5.099	2327.0	d4-PGE1	5.091	305991.0
s179	s179_a1	sample	1	a	1	36	2015-03-06 01:13:00	PGE2	4.905	48834.0	d9-PGE2	4.855	59204.0
s179	s179_a1	sample	1	a	1	36	2015-03-06 01:13:00	PGE3	4.147	1036936.0	d9-PGE2	4.855	59204.0
s187	s187_a1	sample	1	a	1	37	2015-03-06 01:28:00	PGE1	5.095	1935.0	d4-PGE1	5.082	332701.0
s187	s187_a1	sample	1	a	1	37	2015-03-06 01:28:00	PGE2	4.9030000000000005	26221.0	d9-PGE2	4.843	71970.0
s187	s187_a1	sample	1	a	1	37	2015-03-06 01:28:00	PGE3	4.138999999999999	3397507.0	d9-PGE2	4.843	71970.0
s082	s082_a1	sample	1	a	1	38	2015-03-06 01:42:00	PGE1	5.091	878.0	d4-PGE1	5.083	314424.0
s082	s082_a1	sample	1	a	1	38	2015-03-06 01:42:00	PGE2	4.9	43266.0	d9-PGE2	4.845	73629.0
s082	s082_a1	sample	1	a	1	38	2015-03-06 01:42:00	PGE3	4.143	2249625.0	d9-PGE2	4.845	73629.0
s085	s085_a1	sample	1	a	1	39	2015-03-06 01:57:00	PGE1	5.0889999999999995	5176.0	d4-PGE1	5.081	355331.0
s085	s085_a1	sample	1	a	1	39	2015-03-06 01:57:00	PGE2	4.896	80166.0	d9-PGE2	4.843	79320.0
s085	s085_a1	sample	1	a	1	39	2015-03-06 01:57:00	PGE3	4.138	1070341.0	d9-PGE2	4.843	79320.0
s016	s016_a1	sample	1	a	1	40	2015-03-06 02:11:00	PGE1	5.095	3523.0	d4-PGE1	5.08	332920.0
s016	s016_a1	sample	1	a	1	40	2015-03-06 02:11:00	PGE2	4.899	45429.0	d9-PGE2	4.845	75161.0
s016	s016_a1	sample	1	a	1	40	2015-03-06 02:11:00	PGE3	4.144	1107488.0	d9-PGE2	4.845	75161.0
s090	s090_a1	sample	1	a	1	41	2015-03-06 02:25:00	PGE1	5.077	5817.0	d4-PGE1	5.07	287515.0
s090	s090_a1	sample	1	a	1	41	2015-03-06 02:25:00	PGE2	4.891	71383.0	d9-PGE2	4.837	53516.0
s090	s090_a1	sample	1	a	1	41	2015-03-06 02:25:00	PGE3	4.135	428720.0	d9-PGE2	4.837	53516.0
s149	s149_a1	sample	1	a	1	42	2015-03-06 02:40:00	PGE1	5.059	865.0	d4-PGE1	5.082	279825.0
s149	s149_a1	sample	1	a	1	42	2015-03-06 02:40:00	PGE2	4.896	24556.0	d9-PGE2	4.845	59251.0
s149	s149_a1	sample	1	a	1	42	2015-03-06 02:40:00	PGE3	4.138999999999999	178843.0	d9-PGE2	4.845	59251.0
s0001	s0001qc_d1	qc	1	d	1	43	2015-03-06 02:54:00	PGE1	5.0969999999999995	1681.0	d4-PGE1	5.082	282821.0
s0001	s0001qc_d1	qc	1	d	1	43	2015-03-06 02:54:00	PGE2	4.897	42580.0	d9-PGE2	4.846	56084.0
s0001	s0001qc_d1	qc	1	d	1	43	2015-03-06 02:54:00	PGE3	4.138999999999999	899264.0	d9-PGE2	4.846	56084.0
s153	s153_a1	sample	1	a	1	44	2015-03-06 03:09:00	PGE1	5.087	3494.0	d4-PGE1	5.0760000000000005	346984.0
s153	s153_a1	sample	1	a	1	44	2015-03-06 03:09:00	PGE2	4.894	69445.0	d9-PGE2	4.843999999999999	73978.0
s153	s153_a1	sample	1	a	1	44	2015-03-06 03:09:00	PGE3	4.144	143798.0	d9-PGE2	4.843999999999999	73978.0
s169	s169_a1	sample	1	a	1	45	2015-03-06 03:23:00	PGE1	5.087	2624.0	d4-PGE1	5.08	335117.0
s169	s169_a1	sample	1	a	1	45	2015-03-06 03:23:00	PGE2	4.897	18715.0	d9-PGE2	4.843999999999999	74532.0
s169	s169_a1	sample	1	a	1	45	2015-03-06 03:23:00	PGE3	4.144	104041.0	d9-PGE2	4.843999999999999	74532.0
s147	s147_a1	sample	1	a	1	46	2015-03-06 03:38:00	PGE1	5.206	1838.0	d4-PGE1	5.077	321108.0
s147	s147_a1	sample	1	a	1	46	2015-03-06 03:38:00	PGE2	4.9030000000000005	27389.0	d9-PGE2	4.8389999999999995	68538.0
s147	s147_a1	sample	1	a	1	46	2015-03-06 03:38:00	PGE3	4.137	166504.0	d9-PGE2	4.8389999999999995	68538.0
s174	s174_a1	sample	1	a	1	47	2015-03-06 03:52:00	PGE1	5.0489999999999995	4377.0	d4-PGE1	5.074	384025.0
s174	s174_a1	sample	1	a	1	47	2015-03-06 03:52:00	PGE2	4.893	48024.0	d9-PGE2	4.8389999999999995	86310.0
s174	s174_a1	sample	1	a	1	47	2015-03-06 03:52:00	PGE3	4.138999999999999	2016316.0	d9-PGE2	4.8389999999999995	86310.0
s078	s078_a1	sample	1	a	1	48	2015-03-06 04:07:00	PGE1	5.081	3872.0	d4-PGE1	5.072	267950.0
s078	s078_a1	sample	1	a	1	48	2015-03-06 04:07:00	PGE2	4.885	69439.0	d9-PGE2	4.834	55597.0
s078	s078_a1	sample	1	a	1	48	2015-03-06 04:07:00	PGE3	4.131	724530.0	d9-PGE2	4.834	55597.0
s137	s137_a1	sample	1	a	1	49	2015-03-06 04:21:00	PGE1	5.0969999999999995	920.0	d4-PGE1	5.083	353086.0
s137	s137_a1	sample	1	a	1	49	2015-03-06 04:21:00	PGE2	4.899	25885.0	d9-PGE2	4.843999999999999	76223.0
s137	s137_a1	sample	1	a	1	49	2015-03-06 04:21:00	PGE3	4.143	55756.0	d9-PGE2	4.843999999999999	76223.0
s057	s057_a1	sample	1	a	1	50	2015-03-06 04:35:00	PGE1	5.0889999999999995	1812.0	d4-PGE1	5.079	281538.0
s057	s057_a1	sample	1	a	1	50	2015-03-06 04:35:00	PGE2	4.895	56131.0	d9-PGE2	4.842	57710.0
s057	s057_a1	sample	1	a	1	50	2015-03-06 04:35:00	PGE3	4.138999999999999	276754.0	d9-PGE2	4.842	57710.0
s193	s193_a1	sample	1	a	1	51	2015-03-06 04:50:00	PGE1	5.0489999999999995	2066.0	d4-PGE1	5.077	273557.0
s193	s193_a1	sample	1	a	1	51	2015-03-06 04:50:00	PGE2	4.896	28525.0	d9-PGE2	4.843	52822.0
s193	s193_a1	sample	1	a	1	51	2015-03-06 04:50:00	PGE3	4.137	3293959.0	d9-PGE2	4.843	52822.0
s131	s131_b1	sample	1	b	1	52	2015-03-06 05:04:00	PGE1	5.0889999999999995	5801.0	d4-PGE1	5.08	343674.0
s131	s131_b1	sample	1	b	1	52	2015-03-06 05:04:00	PGE2	4.894	65920.0	d9-PGE2	4.84	72175.0
s131	s131_b1	sample	1	b	1	52	2015-03-06 05:04:00	PGE3	4.133	245060.0	d9-PGE2	4.84	72175.0
s0001	s0001qc_d2	qc	2	d	1	53	2015-03-06 05:18:00	PGE1	5.0889999999999995	1180.0	d4-PGE1	5.077	282061.0
s0001	s0001qc_d2	qc	2	d	1	53	2015-03-06 05:18:00	PGE2	4.894	44784.0	d9-PGE2	4.843	58507.0
s0001	s0001qc_d2	qc	2	d	1	53	2015-03-06 05:18:00	PGE3	4.138999999999999	897853.0	d9-PGE2	4.843	58507.0
s166	s166_a1	sample	1	a	1	54	2015-03-06 05:33:00	PGE1	5.0889999999999995	1935.0	d4-PGE1	5.071000000000001	396402.0
s166	s166_a1	sample	1	a	1	54	2015-03-06 05:33:00	PGE2	4.887	29492.0	d9-PGE2	4.834	84827.0
s166	s166_a1	sample	1	a	1	54	2015-03-06 05:33:00	PGE3	4.129	1775367.0	d9-PGE2	4.834	84827.0
s088	s088_a1	sample	1	a	1	55	2015-03-06 05:47:00	PGE1	5.093999999999999	1341.0	d4-PGE1	5.0760000000000005	306804.0
s088	s088_a1	sample	1	a	1	55	2015-03-06 05:47:00	PGE2	4.89	46301.0	d9-PGE2	4.835	69335.0
s088	s088_a1	sample	1	a	1	55	2015-03-06 05:47:00	PGE3	4.1339999999999995	165380.0	d9-PGE2	4.835	69335.0
s139	s139_a1	sample	1	a	1	56	2015-03-06 06:02:00	PGE1	5.09	2559.0	d4-PGE1	5.083	354897.0
s139	s139_a1	sample	1	a	1	56	2015-03-06 06:02:00	PGE2	4.897	61414.0	d9-PGE2	4.843	79872.0
s139	s139_a1	sample	1	a	1	56	2015-03-06 06:02:00	PGE3	4.14	278711.0	d9-PGE2	4.843	79872.0
s015	s015_a1	sample	1	a	1	57	2015-03-06 06:16:00	PGE1	5.087	1555.0	d4-PGE1	5.075	332065.0
s015	s015_a1	sample	1	a	1	57	2015-03-06 06:16:00	PGE2	4.891	75190.0	d9-PGE2	4.8389999999999995	71341.0
s015	s015_a1	sample	1	a	1	57	2015-03-06 06:16:00	PGE3	4.136	129018.0	d9-PGE2	4.8389999999999995	71341.0
s160	s160_a1	sample	1	a	1	58	2015-03-06 06:31:00	PGE1	5.096	2702.0	d4-PGE1	5.083	300783.0
s160	s160_a1	sample	1	a	1	58	2015-03-06 06:31:00	PGE2	4.898	51250.0	d9-PGE2	4.845	72991.0
s160	s160_a1	sample	1	a	1	58	2015-03-06 06:31:00	PGE3	4.14	824855.0	d9-PGE2	4.845	72991.0
s156	s156_a1	sample	1	a	1	59	2015-03-06 06:45:00	PGE1	5.09	5804.0	d4-PGE1	5.077	348242.0
s156	s156_a1	sample	1	a	1	59	2015-03-06 06:45:00	PGE2	4.89	93723.0	d9-PGE2	4.838	86207.0
s156	s156_a1	sample	1	a	1	59	2015-03-06 06:45:00	PGE3	4.138999999999999	4356254.0	d9-PGE2	4.838	86207.0
s131	s131_a1	sample	1	a	1	60	2015-03-06 06:59:00	PGE1	5.096	5358.0	d4-PGE1	5.09	326710.0
s131	s131_a1	sample	1	a	1	60	2015-03-06 06:59:00	PGE2	4.902	63752.0	d9-PGE2	4.848	70617.0
s131	s131_a1	sample	1	a	1	60	2015-03-06 06:59:00	PGE3	4.144	212271.0	d9-PGE2	4.848	70617.0
s193	s193_b1	sample	1	b	1	61	2015-03-06 07:14:00	PGE1	5.031000000000001	1679.0	d4-PGE1	5.075	335889.0
s193	s193_b1	sample	1	b	1	61	2015-03-06 07:14:00	PGE2	4.888	33311.0	d9-PGE2	4.836	76537.0
s193	s193_b1	sample	1	b	1	61	2015-03-06 07:14:00	PGE3	4.132	4344372.0	d9-PGE2	4.836	76537.0
s042	s042_a1	sample	1	a	1	62	2015-03-06 07:28:00	PGE1	5.098	2696.0	d4-PGE1	5.0889999999999995	365128.0
s042	s042_a1	sample	1	a	1	62	2015-03-06 07:28:00	PGE2	4.9030000000000005	40022.0	d9-PGE2	4.849	80088.0
s042	s042_a1	sample	1	a	1	62	2015-03-06 07:28:00	PGE3	4.147	358346.0	d9-PGE2	4.849	80088.0
s070	s070_a1	sample	1	a	1	63	2015-03-06 07:42:00	PGE1	5.095	6717.0	d4-PGE1	5.081	484392.0
s070	s070_a1	sample	1	a	1	63	2015-03-06 07:42:00	PGE2	4.895	90363.0	d9-PGE2	4.842	107559.0
s070	s070_a1	sample	1	a	1	63	2015-03-06 07:42:00	PGE3	4.137	235915.0	d9-PGE2	4.842	107559.0
s0001	s0001qc_e1	qc	1	e	1	64	2015-03-06 07:57:00	PGE1	5.092	3566.0	d4-PGE1	5.077	369776.0
s0001	s0001qc_e1	qc	1	e	1	64	2015-03-06 07:57:00	PGE2	4.894	58366.0	d9-PGE2	4.8389999999999995	67707.0
s0001	s0001qc_e1	qc	1	e	1	64	2015-03-06 07:57:00	PGE3	4.135	1137156.0	d9-PGE2	4.8389999999999995	67707.0
s115	s115_a1	sample	1	a	1	65	2015-03-06 08:11:00	PGE1	5.083	4743.0	d4-PGE1	5.072	341209.0
s115	s115_a1	sample	1	a	1	65	2015-03-06 08:11:00	PGE2	4.883	86330.0	d9-PGE2	4.831	72775.0
s115	s115_a1	sample	1	a	1	65	2015-03-06 08:11:00	PGE3	4.129	100659.0	d9-PGE2	4.831	72775.0
s018	s018_a1	sample	1	a	1	66	2015-03-06 08:26:00	PGE1	5.093	2217.0	d4-PGE1	5.072	365643.0
s018	s018_a1	sample	1	a	1	66	2015-03-06 08:26:00	PGE2	4.888	36031.0	d9-PGE2	4.834	91345.0
s018	s018_a1	sample	1	a	1	66	2015-03-06 08:26:00	PGE3	4.132	212277.0	d9-PGE2	4.834	91345.0
s198	s198_a1	sample	1	a	1	67	2015-03-06 08:40:00	PGE1	5.09	3247.0	d4-PGE1	5.0760000000000005	324617.0
s198	s198_a1	sample	1	a	1	67	2015-03-06 08:40:00	PGE2	4.888999999999999	32746.0	d9-PGE2	4.838	66864.0
s198	s198_a1	sample	1	a	1	67	2015-03-06 08:40:00	PGE3	4.138999999999999	457402.0	d9-PGE2	4.838	66864.0
s019	s019_a1	sample	1	a	1	68	2015-03-06 08:54:00	PGE1	5.0760000000000005	6095.0	d4-PGE1	5.069	332066.0
s019	s019_a1	sample	1	a	1	68	2015-03-06 08:54:00	PGE2	4.885	65285.0	d9-PGE2	4.833	65931.0
s019	s019_a1	sample	1	a	1	68	2015-03-06 08:54:00	PGE3	4.127	638572.0	d9-PGE2	4.833	65931.0
s046	s046_a1	sample	1	a	1	69	2015-03-06 09:09:00	PGE1	5.056	2718.0	d4-PGE1	5.08	387531.0
s046	s046_a1	sample	1	a	1	69	2015-03-06 09:09:00	PGE2	4.893	61458.0	d9-PGE2	4.8389999999999995	94527.0
s046	s046_a1	sample	1	a	1	69	2015-03-06 09:09:00	PGE3	4.136	185636.0	d9-PGE2	4.8389999999999995	94527.0
s153	s153_b1	sample	1	b	1	70	2015-03-06 09:23:00	PGE1	5.081	2954.0	d4-PGE1	5.077	337202.0
s153	s153_b1	sample	1	b	1	70	2015-03-06 09:23:00	PGE2	4.888999999999999	57482.0	d9-PGE2	4.837	72417.0
s153	s153_b1	sample	1	b	1	70	2015-03-06 09:23:00	PGE3	4.1339999999999995	162105.0	d9-PGE2	4.837	72417.0
s125	s125_a1	sample	1	a	1	71	2015-03-06 09:38:00	PGE1	5.083	5145.0	d4-PGE1	5.075	374895.0
s125	s125_a1	sample	1	a	1	71	2015-03-06 09:38:00	PGE2	4.886	73309.0	d9-PGE2	4.837	74055.0
s125	s125_a1	sample	1	a	1	71	2015-03-06 09:38:00	PGE3	4.1339999999999995	2038199.0	d9-PGE2	4.837	74055.0
s143	s143_a1	sample	1	a	1	72	2015-03-06 09:52:00	PGE1	5.141	1538.0	d4-PGE1	5.082	385842.0
s143	s143_a1	sample	1	a	1	72	2015-03-06 09:52:00	PGE2	4.899	13335.0	d9-PGE2	4.843999999999999	81498.0
s143	s143_a1	sample	1	a	1	72	2015-03-06 09:52:00	PGE3	4.137	90449.0	d9-PGE2	4.843999999999999	81498.0
s146	s146_a1	sample	1	a	1	73	2015-03-06 10:06:00	PGE1	4.971	1101.0	d4-PGE1	5.077	346765.0
s146	s146_a1	sample	1	a	1	73	2015-03-06 10:06:00	PGE2	4.899	20606.0	d9-PGE2	4.843	67344.0
s146	s146_a1	sample	1	a	1	73	2015-03-06 10:06:00	PGE3	4.141	218739.0	d9-PGE2	4.843	67344.0
s182	s182_a1	sample	1	a	1	74	2015-03-06 10:21:00	PGE1	5.2	1695.0	d4-PGE1	5.075	361580.0
s182	s182_a1	sample	1	a	1	74	2015-03-06 10:21:00	PGE2	4.891	39548.0	d9-PGE2	4.835	75320.0
s182	s182_a1	sample	1	a	1	74	2015-03-06 10:21:00	PGE3	4.1339999999999995	31279.0	d9-PGE2	4.835	75320.0
s0001	s0001qc_e2	qc	2	e	1	75	2015-03-06 10:35:00	PGE1	5.07	4237.0	d4-PGE1	5.074	400979.0
s0001	s0001qc_e2	qc	2	e	1	75	2015-03-06 10:35:00	PGE2	4.89	58616.0	d9-PGE2	4.837	78880.0
s0001	s0001qc_e2	qc	2	e	1	75	2015-03-06 10:35:00	PGE3	4.133	1180128.0	d9-PGE2	4.837	78880.0
s031	s031_a1	sample	1	a	1	76	2015-03-06 10:50:00	PGE1	5.073	2847.0	d4-PGE1	5.075	354257.0
s031	s031_a1	sample	1	a	1	76	2015-03-06 10:50:00	PGE2	4.89	45883.0	d9-PGE2	4.836	72539.0
s031	s031_a1	sample	1	a	1	76	2015-03-06 10:50:00	PGE3	4.127	214935.0	d9-PGE2	4.836	72539.0
s122	s122_a1	sample	1	a	1	77	2015-03-06 11:04:00	PGE1	5.088	4715.0	d4-PGE1	5.075	371594.0
s122	s122_a1	sample	1	a	1	77	2015-03-06 11:04:00	PGE2	4.888	81458.0	d9-PGE2	4.832	76285.0
s122	s122_a1	sample	1	a	1	77	2015-03-06 11:04:00	PGE3	4.127	827089.0	d9-PGE2	4.832	76285.0
s167	s167_a1	sample	1	a	1	78	2015-03-06 11:18:00	PGE1	5.075	1177.0	d4-PGE1	5.074	341026.0
s167	s167_a1	sample	1	a	1	78	2015-03-06 11:18:00	PGE2	4.897	12119.0	d9-PGE2	4.834	71624.0
s167	s167_a1	sample	1	a	1	78	2015-03-06 11:18:00	PGE3	4.128	39897.0	d9-PGE2	4.834	71624.0
s179	s179_b1	sample	1	b	1	79	2015-03-06 11:33:00	PGE1	5.08	2815.0	d4-PGE1	5.063	397449.0
s179	s179_b1	sample	1	b	1	79	2015-03-06 11:33:00	PGE2	4.871	67479.0	d9-PGE2	4.822	75456.0
s179	s179_b1	sample	1	b	1	79	2015-03-06 11:33:00	PGE3	4.107	1285961.0	d9-PGE2	4.822	75456.0
s059	s059_a1	sample	1	a	1	80	2015-03-06 11:47:00	PGE1	5.079	2580.0	d4-PGE1	5.065	459539.0
s059	s059_a1	sample	1	a	1	80	2015-03-06 11:47:00	PGE2	4.883	26365.0	d9-PGE2	4.829	90207.0
s059	s059_a1	sample	1	a	1	80	2015-03-06 11:47:00	PGE3	4.123	613305.0	d9-PGE2	4.829	90207.0
s038	s038_a1	sample	1	a	1	81	2015-03-06 12:02:00	PGE1	5.086	3614.0	d4-PGE1	5.067	374659.0
s038	s038_a1	sample	1	a	1	81	2015-03-06 12:02:00	PGE2	4.879	55221.0	d9-PGE2	4.829	61295.0
s038	s038_a1	sample	1	a	1	81	2015-03-06 12:02:00	PGE3	4.12	1433112.0	d9-PGE2	4.829	61295.0
s077	s077_a1	sample	1	a	1	82	2015-03-06 12:16:00	PGE1	5.074	3281.0	d4-PGE1	5.066	465698.0
s077	s077_a1	sample	1	a	1	82	2015-03-06 12:16:00	PGE2	4.878	65076.0	d9-PGE2	4.828	96534.0
s077	s077_a1	sample	1	a	1	82	2015-03-06 12:16:00	PGE3	4.113	435617.0	d9-PGE2	4.828	96534.0
s096	s096_a1	sample	1	a	1	83	2015-03-06 12:30:00	PGE1	5.069	1787.0	d4-PGE1	5.06	410118.0
s096	s096_a1	sample	1	a	1	83	2015-03-06 12:30:00	PGE2	4.875	37475.0	d9-PGE2	4.824	71317.0
s096	s096_a1	sample	1	a	1	83	2015-03-06 12:30:00	PGE3	4.117	83949.0	d9-PGE2	4.824	71317.0
s092	s092_a1	sample	1	a	1	84	2015-03-06 12:45:00	PGE1	5.077	3702.0	d4-PGE1	5.069	374730.0
s092	s092_a1	sample	1	a	1	84	2015-03-06 12:45:00	PGE2	4.886	59685.0	d9-PGE2	4.833	65944.0
s092	s092_a1	sample	1	a	1	84	2015-03-06 12:45:00	PGE3	4.126	112726.0	d9-PGE2	4.833	65944.0
s120	s120_a1	sample	1	a	1	85	2015-03-06 12:59:00	PGE1	5.1080000000000005	3546.0	d4-PGE1	5.067	423909.0
s120	s120_a1	sample	1	a	1	85	2015-03-06 12:59:00	PGE2	4.883	40014.0	d9-PGE2	4.83	71194.0
s120	s120_a1	sample	1	a	1	85	2015-03-06 12:59:00	PGE3	4.12	181542.0	d9-PGE2	4.83	71194.0
s0001	s0001qc_f1	qc	1	f	1	86	2015-03-06 13:13:00	PGE1	5.0680000000000005	5005.0	d4-PGE1	5.056	419746.0
s0001	s0001qc_f1	qc	1	f	1	86	2015-03-06 13:13:00	PGE2	4.8660000000000005	60124.0	d9-PGE2	4.816	66996.0
s0001	s0001qc_f1	qc	1	f	1	86	2015-03-06 13:13:00	PGE3	4.111000000000001	1173233.0	d9-PGE2	4.816	66996.0
s176	s176_a1	sample	1	a	1	87	2015-03-06 13:28:00	PGE1	5.0760000000000005	2019.0	d4-PGE1	5.064	422142.0
s176	s176_a1	sample	1	a	1	87	2015-03-06 13:28:00	PGE2	4.879	17172.0	d9-PGE2	4.83	73685.0
s176	s176_a1	sample	1	a	1	87	2015-03-06 13:28:00	PGE3	4.119	956952.0	d9-PGE2	4.83	73685.0
s098	s098_b1	sample	1	b	1	88	2015-03-06 13:42:00	PGE1	5.083	5849.0	d4-PGE1	5.071000000000001	422869.0
s098	s098_b1	sample	1	b	1	88	2015-03-06 13:42:00	PGE2	4.883	80238.0	d9-PGE2	4.83	79000.0
s098	s098_b1	sample	1	b	1	88	2015-03-06 13:42:00	PGE3	4.118	753265.0	d9-PGE2	4.83	79000.0
s148	s148_a1	sample	1	a	1	89	2015-03-06 13:57:00	PGE1	5.061	4264.0	d4-PGE1	5.062	378369.0
s148	s148_a1	sample	1	a	1	89	2015-03-06 13:57:00	PGE2	4.875	61832.0	d9-PGE2	4.822	61677.0
s148	s148_a1	sample	1	a	1	89	2015-03-06 13:57:00	PGE3	4.113	530199.0	d9-PGE2	4.822	61677.0
s003	s003_a1	sample	1	a	1	90	2015-03-06 14:11:00	PGE1	5.05	8691.0	d4-PGE1	5.056	438504.0
s003	s003_a1	sample	1	a	1	90	2015-03-06 14:11:00	PGE2	4.868	53432.0	d9-PGE2	4.8180000000000005	68525.0
s003	s003_a1	sample	1	a	1	90	2015-03-06 14:11:00	PGE3	4.109	6761730.0	d9-PGE2	4.8180000000000005	68525.0
s052	s052_a1	sample	1	a	1	91	2015-03-06 14:26:00	PGE1	5.079	1858.0	d4-PGE1	5.063	370074.0
s052	s052_a1	sample	1	a	1	91	2015-03-06 14:26:00	PGE2	4.875	25963.0	d9-PGE2	4.8260000000000005	55060.0
s052	s052_a1	sample	1	a	1	91	2015-03-06 14:26:00	PGE3	4.113	109895.0	d9-PGE2	4.8260000000000005	55060.0
s076	s076_a1	sample	1	a	1	92	2015-03-06 14:40:00	PGE1	5.0680000000000005	9318.0	d4-PGE1	5.061	390524.0
s076	s076_a1	sample	1	a	1	92	2015-03-06 14:40:00	PGE2	4.872	109767.0	d9-PGE2	4.817	63130.0
s076	s076_a1	sample	1	a	1	92	2015-03-06 14:40:00	PGE3	4.106	2269920.0	d9-PGE2	4.817	63130.0
s081	s081_a1	sample	1	a	1	93	2015-03-06 14:54:00	PGE1	5.074	8880.0	d4-PGE1	5.063	399361.0
s081	s081_a1	sample	1	a	1	93	2015-03-06 14:54:00	PGE2	4.877	128991.0	d9-PGE2	4.825	60052.0
s081	s081_a1	sample	1	a	1	93	2015-03-06 14:54:00	PGE3	4.111000000000001	1089172.0	d9-PGE2	4.825	60052.0
s071	s071_b1	sample	1	b	1	94	2015-03-06 15:09:00	PGE1	5.073	9430.0	d4-PGE1	5.062	379457.0
s071	s071_b1	sample	1	b	1	94	2015-03-06 15:09:00	PGE2	4.872	80439.0	d9-PGE2	4.821000000000001	63678.0
s071	s071_b1	sample	1	b	1	94	2015-03-06 15:09:00	PGE3	4.113	104244.0	d9-PGE2	4.821000000000001	63678.0
s0001	s0001qc_g1	qc	1	g	1	95	2015-03-06 15:23:00	PGE1	5.074	5622.0	d4-PGE1	5.063	389386.0
s0001	s0001qc_g1	qc	1	g	1	95	2015-03-06 15:23:00	PGE2	4.873	63040.0	d9-PGE2	4.82	65570.0
s0001	s0001qc_g1	qc	1	g	1	95	2015-03-06 15:23:00	PGE3	4.111000000000001	1161436.0	d9-PGE2	4.82	65570.0
s0001	s0001blank_b1	blank	1	b	1	96	2015-03-06 15:37:00	PGE1	4.893	60.0	d4-PGE1		
s0001	s0001blank_b1	blank	1	b	1	96	2015-03-06 15:37:00	PGE2			d9-PGE2		
s0001	s0001blank_b1	blank	1	b	1	96	2015-03-06 15:37:00	PGE3			d9-PGE2		
s0001	s0001qc_g2	qc	2	g	1	97	2015-03-06 15:52:00	PGE1	5.0760000000000005	4333.0	d4-PGE1	5.066	386097.0
s0001	s0001qc_g2	qc	2	g	1	97	2015-03-06 15:52:00	PGE2	4.875	51795.0	d9-PGE2	4.824	69013.0
s0001	s0001qc_g2	qc	2	g	1	97	2015-03-06 15:52:00	PGE3	4.111000000000001	1196198.0	d9-PGE2	4.824	69013.0
s0001cal0	s0001cal0_a2	cal	2	a	1	98	2015-03-06 16:06:00	PGE1	5.081	4186.0	d4-PGE1	5.066	402642.0
s0001cal0	s0001cal0_a2	cal	2	a	1	98	2015-03-06 16:06:00	PGE2	4.878	53921.0	d9-PGE2	4.8260000000000005	67394.0
s0001cal0	s0001cal0_a2	cal	2	a	1	98	2015-03-06 16:06:00	PGE3	4.112	1255754.0	d9-PGE2	4.8260000000000005	67394.0
s0001cal1	s0001cal1_a2	cal	2	a	1	99	2015-03-06 16:21:00	PGE1	5.08	31130.0	d4-PGE1	5.066	338211.0
s0001cal1	s0001cal1_a2	cal	2	a	1	99	2015-03-06 16:21:00	PGE2	4.879	73639.0	d9-PGE2	4.828	52056.0
s0001cal1	s0001cal1_a2	cal	2	a	1	99	2015-03-06 16:21:00	PGE3	4.1160000000000005	1134580.0	d9-PGE2	4.828	52056.0
s0001cal2	s0001cal2_a2	cal	2	a	1	100	2015-03-06 16:35:00	PGE1	5.079	53854.0	d4-PGE1	5.069	320043.0
s0001cal2	s0001cal2_a2	cal	2	a	1	100	2015-03-06 16:35:00	PGE2	4.88	97609.0	d9-PGE2	4.827	55389.0
s0001cal2	s0001cal2_a2	cal	2	a	1	100	2015-03-06 16:35:00	PGE3	4.118	1134127.0	d9-PGE2	4.827	55389.0
s0001cal3	s0001cal3_a2	cal	2	a	1	101	2015-03-06 16:50:00	PGE1	5.072	91018.0	d4-PGE1	5.062	322250.0
s0001cal3	s0001cal3_a2	cal	2	a	1	101	2015-03-06 16:50:00	PGE2	4.874	137346.0	d9-PGE2	4.823	55118.0
s0001cal3	s0001cal3_a2	cal	2	a	1	101	2015-03-06 16:50:00	PGE3	4.1080000000000005	1069691.0	d9-PGE2	4.823	55118.0
s0001cal4	s0001cal4_a2	cal	2	a	1	102	2015-03-06 17:04:00	PGE1	5.0760000000000005	524969.0	d4-PGE1	5.066	387426.0
s0001cal4	s0001cal4_a2	cal	2	a	1	102	2015-03-06 17:04:00	PGE2	4.875	615203.0	d9-PGE2	4.825	71056.0
s0001cal4	s0001cal4_a2	cal	2	a	1	102	2015-03-06 17:04:00	PGE3	4.112	1413590.0	d9-PGE2	4.825	71056.0
s0001cal5	s0001cal5_a2	cal	2	a	1	103	2015-03-06 17:18:00	PGE1	5.071000000000001	897040.0	d4-PGE1	5.061	405587.0
s0001cal5	s0001cal5_a2	cal	2	a	1	103	2015-03-06 17:18:00	PGE2	4.873	977122.0	d9-PGE2	4.821000000000001	72525.0
s0001cal5	s0001cal5_a2	cal	2	a	1	103	2015-03-06 17:18:00	PGE3	4.11	1635963.0	d9-PGE2	4.821000000000001	72525.0
s0001cal6	s0001cal6_a2	cal	2	a	1	104	2015-03-06 17:33:00	PGE1	5.065	1944365.0	d4-PGE1	5.055	444967.0
s0001cal6	s0001cal6_a2	cal	2	a	1	104	2015-03-06 17:33:00	PGE2	4.864	1983305.0	d9-PGE2	4.814	76317.0
s0001cal6	s0001cal6_a2	cal	2	a	1	104	2015-03-06 17:33:00	PGE3	4.102	2001686.0	d9-PGE2	4.814	76317.0
s0001	s0001qc_h1	qc	1	h	1	105	2015-03-06 17:47:00	PGE1	5.058	4795.0	d4-PGE1	5.06	384465.0
s0001	s0001qc_h1	qc	1	h	1	105	2015-03-06 17:47:00	PGE2	4.869	48882.0	d9-PGE2	4.8180000000000005	60271.0
s0001	s0001qc_h1	qc	1	h	1	105	2015-03-06 17:47:00	PGE3	4.107	1119189.0	d9-PGE2	4.8180000000000005	60271.0
s0001	s0001blank_b2	blank	2	b	1	106	2015-03-06 18:01:00	PGE1	4.85	45.0	d4-PGE1		
s0001	s0001blank_b2	blank	2	b	1	106	2015-03-06 18:01:00	PGE2			d9-PGE2		
s0001	s0001blank_b2	blank	2	b	1	106	2015-03-06 18:01:00	PGE3			d9-PGE2		
s0001	s0001qc_h2	qc	2	h	1	107	2015-03-06 18:16:00	PGE1	5.075	2284.0	d4-PGE1	5.067	371222.0
s0001	s0001qc_h2	qc	2	h	1	107	2015-03-06 18:16:00	PGE2	4.875	56093.0	d9-PGE2	4.825	59601.0
s0001	s0001qc_h2	qc	2	h	1	107	2015-03-06 18:16:00	PGE3	4.1160000000000005	1179115.0	d9-PGE2	4.825	59601.0
s0002	s0002qc_a1	qc	1	a	2	1	2015-03-11 12:29:00	PGE1	5.016	1737.0	d4-PGE1	4.933	457269.0
s0002	s0002qc_a1	qc	1	a	2	1	2015-03-11 12:29:00	PGE2	4.75	72857.0	d9-PGE2	4.706	71383.0
s0002	s0002qc_a1	qc	1	a	2	1	2015-03-11 12:29:00	PGE3	3.9760000000000004	638607.0	d9-PGE2	4.706	71383.0
s0002	s0002blank_a1	blank	1	a	2	2	2015-03-11 12:44:00	PGE1	4.96	97.0	d4-PGE1	5.058	56.0
s0002	s0002blank_a1	blank	1	a	2	2	2015-03-11 12:44:00	PGE2	4.752	192.0	d9-PGE2		
s0002	s0002blank_a1	blank	1	a	2	2	2015-03-11 12:44:00	PGE3		393.0	d9-PGE2		
s0002	s0002qc_a2	qc	2	a	2	3	2015-03-11 12:58:00	PGE1	5.07	2897.0	d4-PGE1	4.936	417675.0
s0002	s0002qc_a2	qc	2	a	2	3	2015-03-11 12:58:00	PGE2	4.748	61322.0	d9-PGE2	4.703	61139.0
s0002	s0002qc_a2	qc	2	a	2	3	2015-03-11 12:58:00	PGE3	3.972	582671.0	d9-PGE2	4.703	61139.0
s0002cal0	s0002cal0_a1	cal	1	a	2	4	2015-03-11 13:13:00	PGE1	5.08	4050.0	d4-PGE1	4.945	472450.0
s0002cal0	s0002cal0_a1	cal	1	a	2	4	2015-03-11 13:13:00	PGE2	4.757	58461.0	d9-PGE2	4.712	75019.0
s0002cal0	s0002cal0_a1	cal	1	a	2	4	2015-03-11 13:13:00	PGE3	3.978	607994.0	d9-PGE2	4.712	75019.0
s0002cal1	s0002cal1_a1	cal	1	a	2	5	2015-03-11 13:27:00	PGE1	5.063	7003.0	d4-PGE1	4.942	443404.0
s0002cal1	s0002cal1_a1	cal	1	a	2	5	2015-03-11 13:27:00	PGE2	4.753	102993.0	d9-PGE2	4.706	69315.0
s0002cal1	s0002cal1_a1	cal	1	a	2	5	2015-03-11 13:27:00	PGE3	3.977	613681.0	d9-PGE2	4.706	69315.0
s0002cal2	s0002cal2_a1	cal	1	a	2	6	2015-03-11 13:42:00	PGE1	5.059	5913.0	d4-PGE1	4.934	442320.0
s0002cal2	s0002cal2_a1	cal	1	a	2	6	2015-03-11 13:42:00	PGE2	4.745	134220.0	d9-PGE2	4.703	71925.0
s0002cal2	s0002cal2_a1	cal	1	a	2	6	2015-03-11 13:42:00	PGE3	3.972	609705.0	d9-PGE2	4.703	71925.0
s0002cal3	s0002cal3_a1	cal	1	a	2	7	2015-03-11 13:56:00	PGE1	5.061	12258.0	d4-PGE1	4.934	463991.0
s0002cal3	s0002cal3_a1	cal	1	a	2	7	2015-03-11 13:56:00	PGE2	4.744	195786.0	d9-PGE2	4.696000000000001	73372.0
s0002cal3	s0002cal3_a1	cal	1	a	2	7	2015-03-11 13:56:00	PGE3	3.9730000000000003	632992.0	d9-PGE2	4.696000000000001	73372.0
s0002cal4	s0002cal4_a1	cal	1	a	2	8	2015-03-11 14:10:00	PGE1	5.112	11592.0	d4-PGE1	4.933	468200.0
s0002cal4	s0002cal4_a1	cal	1	a	2	8	2015-03-11 14:10:00	PGE2	4.744	679823.0	d9-PGE2	4.702	86845.0
s0002cal4	s0002cal4_a1	cal	1	a	2	8	2015-03-11 14:10:00	PGE3	3.978	783858.0	d9-PGE2	4.702	86845.0
s0002cal5	s0002cal5_a1	cal	1	a	2	9	2015-03-11 14:25:00	PGE1	5.0569999999999995	71488.0	d4-PGE1	4.931	445069.0
s0002cal5	s0002cal5_a1	cal	1	a	2	9	2015-03-11 14:25:00	PGE2	4.744	1083444.0	d9-PGE2	4.699	80273.0
s0002cal5	s0002cal5_a1	cal	1	a	2	9	2015-03-11 14:25:00	PGE3	3.969	951574.0	d9-PGE2	4.699	80273.0
s0002cal6	s0002cal6_a1	cal	1	a	2	10	2015-03-11 14:39:00	PGE1	5.0569999999999995	115809.0	d4-PGE1	4.933	476238.0
s0002cal6	s0002cal6_a1	cal	1	a	2	10	2015-03-11 14:39:00	PGE2	4.744	1987549.0	d9-PGE2	4.698	84965.0
s0002cal6	s0002cal6_a1	cal	1	a	2	10	2015-03-11 14:39:00	PGE3	3.968	1267662.0	d9-PGE2	4.698	84965.0
s0002	s0002qc_b1	qc	1	b	2	11	2015-03-11 14:54:00	PGE1	5.078	2075.0	d4-PGE1	4.938	450426.0
s0002	s0002qc_b1	qc	1	b	2	11	2015-03-11 14:54:00	PGE2	4.748	62879.0	d9-PGE2	4.703	74451.0
s0002	s0002qc_b1	qc	1	b	2	11	2015-03-11 14:54:00	PGE3	3.971	568008.0	d9-PGE2	4.703	74451.0
s0002	s0002blank_a2	blank	2	a	2	12	2015-03-11 15:08:00	PGE1	4.957	121.0	d4-PGE1	5.074	55.0
s0002	s0002blank_a2	blank	2	a	2	12	2015-03-11 15:08:00	PGE2		89.0	d9-PGE2	4.783	56.0
s0002	s0002blank_a2	blank	2	a	2	12	2015-03-11 15:08:00	PGE3		156.0	d9-PGE2	4.783	56.0
s0002	s0002qc_b2	qc	2	b	2	13	2015-03-11 15:22:00	PGE1	5.074	3032.0	d4-PGE1	4.936	431210.0
s0002	s0002qc_b2	qc	2	b	2	13	2015-03-11 15:22:00	PGE2	4.75	70362.0	d9-PGE2	4.706	71067.0
s0002	s0002qc_b2	qc	2	b	2	13	2015-03-11 15:22:00	PGE3	3.977	521296.0	d9-PGE2	4.706	71067.0
s140	s140_a1	sample	1	a	2	14	2015-03-11 15:37:00	PGE1	5.064	2592.0	d4-PGE1	4.936	488500.0
s140	s140_a1	sample	1	a	2	14	2015-03-11 15:37:00	PGE2	4.749	47802.0	d9-PGE2	4.7010000000000005	63580.0
s140	s140_a1	sample	1	a	2	14	2015-03-11 15:37:00	PGE3	3.97	72276.0	d9-PGE2	4.7010000000000005	63580.0
s060	s060_a1	sample	1	a	2	15	2015-03-11 15:52:00	PGE1	4.962	801.0	d4-PGE1	4.939	354425.0
s060	s060_a1	sample	1	a	2	15	2015-03-11 15:52:00	PGE2	4.748	26086.0	d9-PGE2	4.703	40458.0
s060	s060_a1	sample	1	a	2	15	2015-03-11 15:52:00	PGE3	3.97	20116.0	d9-PGE2	4.703	40458.0
s113	s113_a1	sample	1	a	2	16	2015-03-11 16:06:00	PGE1	5.05	2434.0	d4-PGE1	4.934	362853.0
s113	s113_a1	sample	1	a	2	16	2015-03-11 16:06:00	PGE2	4.738	20255.0	d9-PGE2	4.703	61579.0
s113	s113_a1	sample	1	a	2	16	2015-03-11 16:06:00	PGE3	3.9730000000000003	65132.0	d9-PGE2	4.703	61579.0
s036	s036_a1	sample	1	a	2	17	2015-03-11 16:20:00	PGE1	4.933	4884.0	d4-PGE1	4.9239999999999995	312152.0
s036	s036_a1	sample	1	a	2	17	2015-03-11 16:20:00	PGE2	4.736000000000001	43812.0	d9-PGE2	4.692	53213.0
s036	s036_a1	sample	1	a	2	17	2015-03-11 16:20:00	PGE3	3.967	1016496.0	d9-PGE2	4.692	53213.0
s054	s054_a1	sample	1	a	2	18	2015-03-11 16:35:00	PGE1	5.001	2296.0	d4-PGE1	4.9319999999999995	172861.0
s054	s054_a1	sample	1	a	2	18	2015-03-11 16:35:00	PGE2	4.745	21558.0	d9-PGE2	4.702	24422.0
s054	s054_a1	sample	1	a	2	18	2015-03-11 16:35:00	PGE3	3.9789999999999996	37921.0	d9-PGE2	4.702	24422.0
s012	s012_a1	sample	1	a	2	19	2015-03-11 16:49:00	PGE1	5.015	3556.0	d4-PGE1	4.933	345653.0
s012	s012_a1	sample	1	a	2	19	2015-03-11 16:49:00	PGE2	4.746	31357.0	d9-PGE2	4.7010000000000005	66775.0
s012	s012_a1	sample	1	a	2	19	2015-03-11 16:49:00	PGE3	3.975	154906.0	d9-PGE2	4.7010000000000005	66775.0
s136	s136_a1	sample	1	a	2	20	2015-03-11 17:04:00	PGE1	5.063	2545.0	d4-PGE1	4.926	437684.0
s136	s136_a1	sample	1	a	2	20	2015-03-11 17:04:00	PGE2	4.74	44398.0	d9-PGE2	4.694	79888.0
s136	s136_a1	sample	1	a	2	20	2015-03-11 17:04:00	PGE3	3.967	1161001.0	d9-PGE2	4.694	79888.0
s044	s044_a1	sample	1	a	2	21	2015-03-11 17:18:00	PGE1	5.064	1265.0	d4-PGE1	4.927	368679.0
s044	s044_a1	sample	1	a	2	21	2015-03-11 17:18:00	PGE2	4.742	23424.0	d9-PGE2	4.697	49254.0
s044	s044_a1	sample	1	a	2	21	2015-03-11 17:18:00	PGE3	3.966	76703.0	d9-PGE2	4.697	49254.0
s035	s035_a1	sample	1	a	2	22	2015-03-11 17:32:00	PGE1	5.004	1374.0	d4-PGE1	4.928	418995.0
s035	s035_a1	sample	1	a	2	22	2015-03-11 17:32:00	PGE2	4.739	39434.0	d9-PGE2	4.697	78771.0
s035	s035_a1	sample	1	a	2	22	2015-03-11 17:32:00	PGE3	3.969	1397534.0	d9-PGE2	4.697	78771.0
s0002	s0002qc_c1	qc	1	c	2	23	2015-03-11 17:47:00	PGE1	5.055	2807.0	d4-PGE1	4.925	431698.0
s0002	s0002qc_c1	qc	1	c	2	23	2015-03-11 17:47:00	PGE2	4.744	65747.0	d9-PGE2	4.7010000000000005	83813.0
s0002	s0002qc_c1	qc	1	c	2	23	2015-03-11 17:47:00	PGE3	3.977	531513.0	d9-PGE2	4.7010000000000005	83813.0
s170	s170_a1	sample	1	a	2	24	2015-03-11 18:01:00	PGE1	5.101	1068.0	d4-PGE1	4.931	404993.0
s170	s170_a1	sample	1	a	2	24	2015-03-11 18:01:00	PGE2	4.744	18033.0	d9-PGE2	4.699	72269.0
s170	s170_a1	sample	1	a	2	24	2015-03-11 18:01:00	PGE3	3.9730000000000003	35641.0	d9-PGE2	4.699	72269.0
s068	s068_a1	sample	1	a	2	25	2015-03-11 18:16:00	PGE1	5.052	3632.0	d4-PGE1	4.917	278176.0
s068	s068_a1	sample	1	a	2	25	2015-03-11 18:16:00	PGE2	4.726	36046.0	d9-PGE2	4.683	48974.0
s068	s068_a1	sample	1	a	2	25	2015-03-11 18:16:00	PGE3	3.951	1047480.0	d9-PGE2	4.683	48974.0
s170	s170_a3	sample	3	a	2	26	2015-03-11 20:29:00	PGE1	5.003	1165.0	d4-PGE1	5.18	409828.0
s170	s170_a3	sample	3	a	2	26	2015-03-11 20:29:00	PGE2	5.016	18068.0	d9-PGE2	4.976	89227.0
s170	s170_a3	sample	3	a	2	26	2015-03-11 20:29:00	PGE3	4.354	34592.0	d9-PGE2	4.976	89227.0
s068	s068_a3	sample	3	a	2	27	2015-03-11 20:44:00	PGE1	5.112	2292.0	d4-PGE1	4.976	377294.0
s068	s068_a3	sample	3	a	2	27	2015-03-11 20:44:00	PGE2	4.7860000000000005	56597.0	d9-PGE2	4.739	73739.0
s068	s068_a3	sample	3	a	2	27	2015-03-11 20:44:00	PGE3	4.011	1456821.0	d9-PGE2	4.739	73739.0
s168	s168_a1	sample	1	a	2	28	2015-03-11 20:58:00	PGE1	5.121	951.0	d4-PGE1	4.974	416195.0
s168	s168_a1	sample	1	a	2	28	2015-03-11 20:58:00	PGE2	4.781000000000001	18818.0	d9-PGE2	4.739	80235.0
s168	s168_a1	sample	1	a	2	28	2015-03-11 20:58:00	PGE3	4.011	62691.0	d9-PGE2	4.739	80235.0
s029	s029_a1	sample	1	a	2	29	2015-03-11 21:13:00	PGE1	5.093	1020.0	d4-PGE1	4.977	363340.0
s029	s029_a1	sample	1	a	2	29	2015-03-11 21:13:00	PGE2	4.784	50518.0	d9-PGE2	4.7410000000000005	68588.0
s029	s029_a1	sample	1	a	2	29	2015-03-11 21:13:00	PGE3	4.01	819068.0	d9-PGE2	4.7410000000000005	68588.0
s128	s128_a1	sample	1	a	2	30	2015-03-11 21:27:00	PGE1	5.096	2963.0	d4-PGE1	4.968	374742.0
s128	s128_a1	sample	1	a	2	30	2015-03-11 21:27:00	PGE2	4.776	38550.0	d9-PGE2	4.729	76999.0
s128	s128_a1	sample	1	a	2	30	2015-03-11 21:27:00	PGE3	4.001	3043070.0	d9-PGE2	4.729	76999.0
s022	s022_b1	sample	1	b	2	31	2015-03-11 21:41:00	PGE1	5.098	2098.0	d4-PGE1	4.963	272497.0
s022	s022_b1	sample	1	b	2	31	2015-03-11 21:41:00	PGE2	4.775	26336.0	d9-PGE2	4.732	47150.0
s022	s022_b1	sample	1	b	2	31	2015-03-11 21:41:00	PGE3	4.0	115921.0	d9-PGE2	4.732	47150.0
s022	s022_b2	sample	2	b	2	32	2015-03-11 23:32:00	PGE1	5.138999999999999	5234.0	d4-PGE1	5.019	318353.0
s022	s022_b2	sample	2	b	2	32	2015-03-11 23:32:00	PGE2	4.834	31878.0	d9-PGE2	4.789	54410.0
s022	s022_b2	sample	2	b	2	32	2015-03-11 23:32:00	PGE3	4.082	196840.0	d9-PGE2	4.789	54410.0
s074	s074_a1	sample	1	a	2	33	2015-03-11 23:46:00	PGE1	5.022	2478.0	d4-PGE1	5.012	425324.0
s074	s074_a1	sample	1	a	2	33	2015-03-11 23:46:00	PGE2	4.824	38987.0	d9-PGE2	4.774	90492.0
s074	s074_a1	sample	1	a	2	33	2015-03-11 23:46:00	PGE3	4.053	41452.0	d9-PGE2	4.774	90492.0
s185	s185_a1	sample	1	a	2	34	2015-03-12 00:00:00	PGE1	5.144	1966.0	d4-PGE1	5.013999999999999	410996.0
s185	s185_a1	sample	1	a	2	34	2015-03-12 00:00:00	PGE2	4.8180000000000005	36321.0	d9-PGE2	4.771	67563.0
s185	s185_a1	sample	1	a	2	34	2015-03-12 00:00:00	PGE3	4.05	72660.0	d9-PGE2	4.771	67563.0
s063	s063_a1	sample	1	a	2	35	2015-03-12 00:15:00	PGE1	5.048	4293.0	d4-PGE1	5.019	408907.0
s063	s063_a1	sample	1	a	2	35	2015-03-12 00:15:00	PGE2	4.823	33971.0	d9-PGE2	4.775	89182.0
s063	s063_a1	sample	1	a	2	35	2015-03-12 00:15:00	PGE3	4.053	80832.0	d9-PGE2	4.775	89182.0
s049	s049_a1	sample	1	a	2	36	2015-03-12 00:29:00	PGE1	5.07	1564.0	d4-PGE1	5.0169999999999995	456469.0
s049	s049_a1	sample	1	a	2	36	2015-03-12 00:29:00	PGE2	4.825	12462.0	d9-PGE2	4.781000000000001	89044.0
s049	s049_a1	sample	1	a	2	36	2015-03-12 00:29:00	PGE3	4.052	51139.0	d9-PGE2	4.781000000000001	89044.0
s0002	s0002qc_c2	qc	2	c	2	37	2015-03-12 00:44:00	PGE1	5.086	1336.0	d4-PGE1	5.007	424264.0
s0002	s0002qc_c2	qc	2	c	2	37	2015-03-12 00:44:00	PGE2	4.819	60766.0	d9-PGE2	4.772	86476.0
s0002	s0002qc_c2	qc	2	c	2	37	2015-03-12 00:44:00	PGE3	4.047	708459.0	d9-PGE2	4.772	86476.0
s080	s080_a1	sample	1	a	2	38	2015-03-12 00:58:00	PGE1	5.142	2744.0	d4-PGE1	5.008	492913.0
s080	s080_a1	sample	1	a	2	38	2015-03-12 00:58:00	PGE2	4.813	141609.0	d9-PGE2	4.7669999999999995	101955.0
s080	s080_a1	sample	1	a	2	38	2015-03-12 00:58:00	PGE3	4.045	211688.0	d9-PGE2	4.7669999999999995	101955.0
s161	s161_a1	sample	1	a	2	39	2015-03-12 01:13:00	PGE1	5.132000000000001	1806.0	d4-PGE1	5.0089999999999995	333551.0
s161	s161_a1	sample	1	a	2	39	2015-03-12 01:13:00	PGE2	4.821000000000001	16324.0	d9-PGE2	4.769	61398.0
s161	s161_a1	sample	1	a	2	39	2015-03-12 01:13:00	PGE3	4.046	262995.0	d9-PGE2	4.769	61398.0
s087	s087_a1	sample	1	a	2	40	2015-03-12 01:27:00	PGE1	5.15	2904.0	d4-PGE1	5.0089999999999995	422487.0
s087	s087_a1	sample	1	a	2	40	2015-03-12 01:27:00	PGE2	4.82	143364.0	d9-PGE2	4.774	90005.0
s087	s087_a1	sample	1	a	2	40	2015-03-12 01:27:00	PGE3	4.052	162647.0	d9-PGE2	4.774	90005.0
s056	s056_b1	sample	1	b	2	41	2015-03-12 01:41:00	PGE1	5.069	1175.0	d4-PGE1	5.0089999999999995	355776.0
s056	s056_b1	sample	1	b	2	41	2015-03-12 01:41:00	PGE2	4.812	21633.0	d9-PGE2	4.772	68867.0
s056	s056_b1	sample	1	b	2	41	2015-03-12 01:41:00	PGE3	4.05	495480.0	d9-PGE2	4.772	68867.0
s041	s041_a1	sample	1	a	2	42	2015-03-12 01:56:00	PGE1	5.082	4672.0	d4-PGE1	5.01	402867.0
s041	s041_a1	sample	1	a	2	42	2015-03-12 01:56:00	PGE2	4.815	30933.0	d9-PGE2	4.768	83040.0
s041	s041_a1	sample	1	a	2	42	2015-03-12 01:56:00	PGE3	4.0489999999999995	1013494.0	d9-PGE2	4.768	83040.0
s177	s177_a1	sample	1	a	2	43	2015-03-12 02:10:00	PGE1	5.14	3823.0	d4-PGE1	5.01	346437.0
s177	s177_a1	sample	1	a	2	43	2015-03-12 02:10:00	PGE2	4.813	39927.0	d9-PGE2	4.763999999999999	70544.0
s177	s177_a1	sample	1	a	2	43	2015-03-12 02:10:00	PGE3	4.045	289623.0	d9-PGE2	4.763999999999999	70544.0
s121	s121_a1	sample	1	a	2	44	2015-03-12 02:25:00	PGE1	5.1370000000000005	3544.0	d4-PGE1	5.013	354532.0
s121	s121_a1	sample	1	a	2	44	2015-03-12 02:25:00	PGE2	4.822	52261.0	d9-PGE2	4.774	68203.0
s121	s121_a1	sample	1	a	2	44	2015-03-12 02:25:00	PGE3	4.045	360705.0	d9-PGE2	4.774	68203.0
s188	s188_a1	sample	1	a	2	45	2015-03-12 02:39:00	PGE1	5.148	2400.0	d4-PGE1	5.016	390176.0
s188	s188_a1	sample	1	a	2	45	2015-03-12 02:39:00	PGE2	4.82	37079.0	d9-PGE2	4.773	77993.0
s188	s188_a1	sample	1	a	2	45	2015-03-12 02:39:00	PGE3	4.053	1450471.0	d9-PGE2	4.773	77993.0
s024	s024_a1	sample	1	a	2	46	2015-03-12 02:54:00	PGE1	5.078	1067.0	d4-PGE1	4.998	398488.0
s024	s024_a1	sample	1	a	2	46	2015-03-12 02:54:00	PGE2	4.805	51685.0	d9-PGE2	4.757	85516.0
s024	s024_a1	sample	1	a	2	46	2015-03-12 02:54:00	PGE3	4.035	1109908.0	d9-PGE2	4.757	85516.0
s009	s009_a1	sample	1	a	2	47	2015-03-12 03:08:00	PGE1	5.091	1124.0	d4-PGE1	5.006	332371.0
s009	s009_a1	sample	1	a	2	47	2015-03-12 03:08:00	PGE2	4.813	61977.0	d9-PGE2	4.765	66106.0
s009	s009_a1	sample	1	a	2	47	2015-03-12 03:08:00	PGE3	4.048	3712648.0	d9-PGE2	4.765	66106.0
s0002	s0002qc_d1	qc	1	d	2	48	2015-03-12 03:23:00	PGE1	5.073	1674.0	d4-PGE1	5.003	414828.0
s0002	s0002qc_d1	qc	1	d	2	48	2015-03-12 03:23:00	PGE2	4.812	53011.0	d9-PGE2	4.768	73501.0
s0002	s0002qc_d1	qc	1	d	2	48	2015-03-12 03:23:00	PGE3	4.043	676554.0	d9-PGE2	4.768	73501.0
s089	s089_a1	sample	1	a	2	49	2015-03-12 03:37:00	PGE1	5.1370000000000005	1216.0	d4-PGE1	5.008	362884.0
s089	s089_a1	sample	1	a	2	49	2015-03-12 03:37:00	PGE2	4.815	33395.0	d9-PGE2	4.7669999999999995	68641.0
s089	s089_a1	sample	1	a	2	49	2015-03-12 03:37:00	PGE3	4.046	54481.0	d9-PGE2	4.7669999999999995	68641.0
s186	s186_b1	sample	1	b	2	50	2015-03-12 03:51:00	PGE1	5.019	1922.0	d4-PGE1	5.004	467587.0
s186	s186_b1	sample	1	b	2	50	2015-03-12 03:51:00	PGE2	4.815	34318.0	d9-PGE2	4.763999999999999	114887.0
s186	s186_b1	sample	1	b	2	50	2015-03-12 03:51:00	PGE3	4.04	35736.0	d9-PGE2	4.763999999999999	114887.0
s055	s055_a1	sample	1	a	2	51	2015-03-12 04:06:00	PGE1	5.071000000000001	1482.0	d4-PGE1	5.004	397659.0
s055	s055_a1	sample	1	a	2	51	2015-03-12 04:06:00	PGE2	4.815	13843.0	d9-PGE2	4.7669999999999995	74172.0
s055	s055_a1	sample	1	a	2	51	2015-03-12 04:06:00	PGE3	4.04	145953.0	d9-PGE2	4.7669999999999995	74172.0
s051	s051_a1	sample	1	a	2	52	2015-03-12 04:20:00	PGE1	5.085	1018.0	d4-PGE1	5.007	345285.0
s051	s051_a1	sample	1	a	2	52	2015-03-12 04:20:00	PGE2	4.813	34271.0	d9-PGE2	4.7669999999999995	66569.0
s051	s051_a1	sample	1	a	2	52	2015-03-12 04:20:00	PGE3	4.046	288877.0	d9-PGE2	4.7669999999999995	66569.0
s067	s067_a1	sample	1	a	2	53	2015-03-12 04:35:00	PGE1	5.13	2606.0	d4-PGE1	4.996	401952.0
s067	s067_a1	sample	1	a	2	53	2015-03-12 04:35:00	PGE2	4.8069999999999995	51418.0	d9-PGE2	4.76	61538.0
s067	s067_a1	sample	1	a	2	53	2015-03-12 04:35:00	PGE3	4.032	193965.0	d9-PGE2	4.76	61538.0
s008	s008_a1	sample	1	a	2	54	2015-03-12 04:49:00	PGE1	5.145	2403.0	d4-PGE1	5.003	386813.0
s008	s008_a1	sample	1	a	2	54	2015-03-12 04:49:00	PGE2	4.8069999999999995	45026.0	d9-PGE2	4.762	80692.0
s008	s008_a1	sample	1	a	2	54	2015-03-12 04:49:00	PGE3	4.04	1049443.0	d9-PGE2	4.762	80692.0
s127	s127_a1	sample	1	a	2	55	2015-03-12 05:03:00	PGE1	5.072	1668.0	d4-PGE1	4.997	346728.0
s127	s127_a1	sample	1	a	2	55	2015-03-12 05:03:00	PGE2	4.8069999999999995	54800.0	d9-PGE2	4.7589999999999995	70492.0
s127	s127_a1	sample	1	a	2	55	2015-03-12 05:03:00	PGE3	4.037	278289.0	d9-PGE2	4.7589999999999995	70492.0
s114	s114_a1	sample	1	a	2	56	2015-03-12 05:18:00	PGE1	5.081	1040.0	d4-PGE1	5.006	413632.0
s114	s114_a1	sample	1	a	2	56	2015-03-12 05:18:00	PGE2	4.815	18713.0	d9-PGE2	4.765	77081.0
s114	s114_a1	sample	1	a	2	56	2015-03-12 05:18:00	PGE3	4.042	3539067.0	d9-PGE2	4.765	77081.0
s039	s039_a1	sample	1	a	2	57	2015-03-12 05:32:00	PGE1	5.081	1489.0	d4-PGE1	5.005	384079.0
s039	s039_a1	sample	1	a	2	57	2015-03-12 05:32:00	PGE2	4.81	92242.0	d9-PGE2	4.762	68782.0
s039	s039_a1	sample	1	a	2	57	2015-03-12 05:32:00	PGE3	4.04	59014.0	d9-PGE2	4.762	68782.0
s191	s191_b1	sample	1	b	2	58	2015-03-12 05:47:00	PGE1	5.015	2165.0	d4-PGE1	5.008	381283.0
s191	s191_b1	sample	1	b	2	58	2015-03-12 05:47:00	PGE2	4.816	39524.0	d9-PGE2	4.768	67612.0
s191	s191_b1	sample	1	b	2	58	2015-03-12 05:47:00	PGE3	4.042	212537.0	d9-PGE2	4.768	67612.0
s0002	s0002qc_d2	qc	2	d	2	59	2015-03-12 06:01:00	PGE1	5.093	2129.0	d4-PGE1	5.005	403891.0
s0002	s0002qc_d2	qc	2	d	2	59	2015-03-12 06:01:00	PGE2	4.816	64447.0	d9-PGE2	4.77	80722.0
s0002	s0002qc_d2	qc	2	d	2	59	2015-03-12 06:01:00	PGE3	4.051	696053.0	d9-PGE2	4.77	80722.0
s112	s112_a1	sample	1	a	2	60	2015-03-12 06:15:00	PGE1	5.0889999999999995	2432.0	d4-PGE1	5.011	411800.0
s112	s112_a1	sample	1	a	2	60	2015-03-12 06:15:00	PGE2	4.819	83296.0	d9-PGE2	4.771	69588.0
s112	s112_a1	sample	1	a	2	60	2015-03-12 06:15:00	PGE3	4.05	2623888.0	d9-PGE2	4.771	69588.0
s152	s152_a1	sample	1	a	2	61	2015-03-12 06:30:00	PGE1	5.022	2463.0	d4-PGE1	4.997	410370.0
s152	s152_a1	sample	1	a	2	61	2015-03-12 06:30:00	PGE2	4.803	62857.0	d9-PGE2	4.757	84540.0
s152	s152_a1	sample	1	a	2	61	2015-03-12 06:30:00	PGE3	4.034	445682.0	d9-PGE2	4.757	84540.0
s050	s050_a1	sample	1	a	2	62	2015-03-12 06:44:00	PGE1	5.132000000000001	1774.0	d4-PGE1	5.003	386087.0
s050	s050_a1	sample	1	a	2	62	2015-03-12 06:44:00	PGE2	4.813	82481.0	d9-PGE2	4.7669999999999995	79483.0
s050	s050_a1	sample	1	a	2	62	2015-03-12 06:44:00	PGE3	4.045	256856.0	d9-PGE2	4.7669999999999995	79483.0
s064	s064_a1	sample	1	a	2	63	2015-03-12 06:59:00	PGE1	5.132999999999999	3492.0	d4-PGE1	5.005	357611.0
s064	s064_a1	sample	1	a	2	63	2015-03-12 06:59:00	PGE2	4.817	24103.0	d9-PGE2	4.768	72962.0
s064	s064_a1	sample	1	a	2	63	2015-03-12 06:59:00	PGE3	4.044	197767.0	d9-PGE2	4.768	72962.0
s201	s201_a1	sample	1	a	2	64	2015-03-12 07:13:00	PGE1	5.1370000000000005	1445.0	d4-PGE1	5.006	338700.0
s201	s201_a1	sample	1	a	2	64	2015-03-12 07:13:00	PGE2	4.817	13968.0	d9-PGE2	4.7669999999999995	55623.0
s201	s201_a1	sample	1	a	2	64	2015-03-12 07:13:00	PGE3	4.047	677151.0	d9-PGE2	4.7669999999999995	55623.0
s048	s048_a1	sample	1	a	2	65	2015-03-12 07:27:00	PGE1	5.078	1880.0	d4-PGE1	5.006	380075.0
s048	s048_a1	sample	1	a	2	65	2015-03-12 07:27:00	PGE2	4.81	58197.0	d9-PGE2	4.7669999999999995	83093.0
s048	s048_a1	sample	1	a	2	65	2015-03-12 07:27:00	PGE3	4.044	345383.0	d9-PGE2	4.7669999999999995	83093.0
s191	s191_a1	sample	1	a	2	66	2015-03-12 07:42:00	PGE1	5.072	1546.0	d4-PGE1	4.997	511284.0
s191	s191_a1	sample	1	a	2	66	2015-03-12 07:42:00	PGE2	4.8069999999999995	52908.0	d9-PGE2	4.762	90942.0
s191	s191_a1	sample	1	a	2	66	2015-03-12 07:42:00	PGE3	4.0360000000000005	228710.0	d9-PGE2	4.762	90942.0
s039	s039_b1	sample	1	b	2	67	2015-03-12 07:56:00	PGE1	5.117	2796.0	d4-PGE1	4.985	389203.0
s039	s039_b1	sample	1	b	2	67	2015-03-12 07:56:00	PGE2	4.793	99264.0	d9-PGE2	4.746	75859.0
s039	s039_b1	sample	1	b	2	67	2015-03-12 07:56:00	PGE3	4.021	60544.0	d9-PGE2	4.746	75859.0
s184	s184_a1	sample	1	a	2	68	2015-03-12 08:11:00	PGE1	5.071000000000001	10417.0	d4-PGE1	4.992	435287.0
s184	s184_a1	sample	1	a	2	68	2015-03-12 08:11:00	PGE2	4.803999999999999	23108.0	d9-PGE2	4.7589999999999995	72279.0
s184	s184_a1	sample	1	a	2	68	2015-03-12 08:11:00	PGE3	4.0360000000000005	134289.0	d9-PGE2	4.7589999999999995	72279.0
s004	s004_a1	sample	1	a	2	69	2015-03-12 08:25:00	PGE1	5.083	2350.0	d4-PGE1	4.98	422062.0
s004	s004_a1	sample	1	a	2	69	2015-03-12 08:25:00	PGE2	4.792	45608.0	d9-PGE2	4.754	80403.0
s004	s004_a1	sample	1	a	2	69	2015-03-12 08:25:00	PGE3	4.025	56395.0	d9-PGE2	4.754	80403.0
s0002	s0002qc_e1	qc	1	e	2	70	2015-03-12 08:39:00	PGE1	5.077	1720.0	d4-PGE1	4.984	436673.0
s0002	s0002qc_e1	qc	1	e	2	70	2015-03-12 08:39:00	PGE2	4.793	58810.0	d9-PGE2	4.747	81766.0
s0002	s0002qc_e1	qc	1	e	2	70	2015-03-12 08:39:00	PGE3	4.024	696405.0	d9-PGE2	4.747	81766.0
s037	s037_a1	sample	1	a	2	71	2015-03-12 08:54:00	PGE1	5.1	2343.0	d4-PGE1	4.974	353376.0
s037	s037_a1	sample	1	a	2	71	2015-03-12 08:54:00	PGE2	4.787	32640.0	d9-PGE2	4.7410000000000005	58736.0
s037	s037_a1	sample	1	a	2	71	2015-03-12 08:54:00	PGE3	4.016	210719.0	d9-PGE2	4.7410000000000005	58736.0
s181	s181_a1	sample	1	a	2	72	2015-03-12 09:08:00	PGE1	4.987	1318.0	d4-PGE1	4.968999999999999	440044.0
s181	s181_a1	sample	1	a	2	72	2015-03-12 09:08:00	PGE2	4.7780000000000005	13104.0	d9-PGE2	4.737	82992.0
s181	s181_a1	sample	1	a	2	72	2015-03-12 09:08:00	PGE3	4.005	49615.0	d9-PGE2	4.737	82992.0
s005	s005_a1	sample	1	a	2	73	2015-03-12 09:23:00	PGE1	5.056	3527.0	d4-PGE1	4.977	383777.0
s005	s005_a1	sample	1	a	2	73	2015-03-12 09:23:00	PGE2	4.782	24173.0	d9-PGE2	4.7410000000000005	51944.0
s005	s005_a1	sample	1	a	2	73	2015-03-12 09:23:00	PGE3	4.018	33304.0	d9-PGE2	4.7410000000000005	51944.0
s129	s129_a1	sample	1	a	2	74	2015-03-12 09:37:00	PGE1	5.098	659.0	d4-PGE1	4.976	320216.0
s129	s129_a1	sample	1	a	2	74	2015-03-12 09:37:00	PGE2	4.783	58966.0	d9-PGE2	4.736000000000001	59080.0
s129	s129_a1	sample	1	a	2	74	2015-03-12 09:37:00	PGE3	4.01	248492.0	d9-PGE2	4.736000000000001	59080.0
s186	s186_a1	sample	1	a	2	75	2015-03-12 09:51:00	PGE1	5.117	2182.0	d4-PGE1	4.982	470915.0
s186	s186_a1	sample	1	a	2	75	2015-03-12 09:51:00	PGE2	4.788	39135.0	d9-PGE2	4.742	98344.0
s186	s186_a1	sample	1	a	2	75	2015-03-12 09:51:00	PGE3	4.011	37290.0	d9-PGE2	4.742	98344.0
s089	s089_b1	sample	1	b	2	76	2015-03-12 10:06:00	PGE1	5.103	1562.0	d4-PGE1	4.976	356184.0
s089	s089_b1	sample	1	b	2	76	2015-03-12 10:06:00	PGE2	4.784	41686.0	d9-PGE2	4.742	63305.0
s089	s089_b1	sample	1	b	2	76	2015-03-12 10:06:00	PGE3	4.012	57351.0	d9-PGE2	4.742	63305.0
s123	s123_a1	sample	1	a	2	77	2015-03-12 10:20:00	PGE1	5.093	1936.0	d4-PGE1	4.966	449472.0
s123	s123_a1	sample	1	a	2	77	2015-03-12 10:20:00	PGE2	4.77	17511.0	d9-PGE2	4.729	73694.0
s123	s123_a1	sample	1	a	2	77	2015-03-12 10:20:00	PGE3	4.004	412177.0	d9-PGE2	4.729	73694.0
s133	s133_a1	sample	1	a	2	78	2015-03-12 10:34:00	PGE1	5.086	2129.0	d4-PGE1	4.958	426847.0
s133	s133_a1	sample	1	a	2	78	2015-03-12 10:34:00	PGE2	4.773	53914.0	d9-PGE2	4.727	63414.0
s133	s133_a1	sample	1	a	2	78	2015-03-12 10:34:00	PGE3	4.004	115478.0	d9-PGE2	4.727	63414.0
s014	s014_a1	sample	1	a	2	79	2015-03-12 10:49:00	PGE1	5.112	2322.0	d4-PGE1	4.97	403166.0
s014	s014_a1	sample	1	a	2	79	2015-03-12 10:49:00	PGE2	4.78	47406.0	d9-PGE2	4.736000000000001	67229.0
s014	s014_a1	sample	1	a	2	79	2015-03-12 10:49:00	PGE3	4.007	156553.0	d9-PGE2	4.736000000000001	67229.0
s109	s109_a1	sample	1	a	2	80	2015-03-12 11:03:00	PGE1	5.093	5452.0	d4-PGE1	4.9639999999999995	397478.0
s109	s109_a1	sample	1	a	2	80	2015-03-12 11:03:00	PGE2	4.773	122023.0	d9-PGE2	4.73	71536.0
s109	s109_a1	sample	1	a	2	80	2015-03-12 11:03:00	PGE3	4.001	69188.0	d9-PGE2	4.73	71536.0
s0002	s0002qc_e2	qc	2	e	2	81	2015-03-12 11:18:00	PGE1	5.104	2858.0	d4-PGE1	4.971	435404.0
s0002	s0002qc_e2	qc	2	e	2	81	2015-03-12 11:18:00	PGE2	4.775	63603.0	d9-PGE2	4.729	69238.0
s0002	s0002qc_e2	qc	2	e	2	81	2015-03-12 11:18:00	PGE3	4.004	691996.0	d9-PGE2	4.729	69238.0
s061	s061_a1	sample	1	a	2	82	2015-03-12 11:32:00	PGE1	5.0889999999999995	3349.0	d4-PGE1	4.97	376959.0
s061	s061_a1	sample	1	a	2	82	2015-03-12 11:32:00	PGE2	4.781000000000001	47861.0	d9-PGE2	4.734	60435.0
s061	s061_a1	sample	1	a	2	82	2015-03-12 11:32:00	PGE3	4.01	118213.0	d9-PGE2	4.734	60435.0
s045	s045_a1	sample	1	a	2	83	2015-03-12 11:46:00	PGE1	5.093999999999999	1334.0	d4-PGE1	4.975	401414.0
s045	s045_a1	sample	1	a	2	83	2015-03-12 11:46:00	PGE2	4.785	61407.0	d9-PGE2	4.739	53897.0
s045	s045_a1	sample	1	a	2	83	2015-03-12 11:46:00	PGE3	4.012	60797.0	d9-PGE2	4.739	53897.0
s056	s056_a1	sample	1	a	2	84	2015-03-12 12:01:00	PGE1	5.11	2354.0	d4-PGE1	4.975	357024.0
s056	s056_a1	sample	1	a	2	84	2015-03-12 12:01:00	PGE2	4.7860000000000005	23130.0	d9-PGE2	4.7410000000000005	51045.0
s056	s056_a1	sample	1	a	2	84	2015-03-12 12:01:00	PGE3	4.015	471665.0	d9-PGE2	4.7410000000000005	51045.0
s087	s087_b1	sample	1	b	2	85	2015-03-12 12:15:00	PGE1	5.1080000000000005	2683.0	d4-PGE1	4.978	407209.0
s087	s087_b1	sample	1	b	2	85	2015-03-12 12:15:00	PGE2	4.79	144400.0	d9-PGE2	4.743	67487.0
s087	s087_b1	sample	1	b	2	85	2015-03-12 12:15:00	PGE3	4.015	161495.0	d9-PGE2	4.743	67487.0
s103	s103_a1	sample	1	a	2	86	2015-03-12 12:30:00	PGE1	5.107	1854.0	d4-PGE1	4.979	372276.0
s103	s103_a1	sample	1	a	2	86	2015-03-12 12:30:00	PGE2	4.792	16333.0	d9-PGE2	4.748	53243.0
s103	s103_a1	sample	1	a	2	86	2015-03-12 12:30:00	PGE3	4.018	398327.0	d9-PGE2	4.748	53243.0
s094	s094_a1	sample	1	a	2	87	2015-03-12 12:44:00	PGE1	5.106	2518.0	d4-PGE1	4.974	335195.0
s094	s094_a1	sample	1	a	2	87	2015-03-12 12:44:00	PGE2	4.783	60085.0	d9-PGE2	4.7410000000000005	51985.0
s094	s094_a1	sample	1	a	2	87	2015-03-12 12:44:00	PGE3	4.013999999999999	62282.0	d9-PGE2	4.7410000000000005	51985.0
s154	s154_a1	sample	1	a	2	88	2015-03-12 12:58:00	PGE1	5.107	2099.0	d4-PGE1	4.9719999999999995	363667.0
s154	s154_a1	sample	1	a	2	88	2015-03-12 12:58:00	PGE2	4.779	150504.0	d9-PGE2	4.732	56918.0
s154	s154_a1	sample	1	a	2	88	2015-03-12 12:58:00	PGE3	4.003	51612.0	d9-PGE2	4.732	56918.0
s033	s033_a1	sample	1	a	2	89	2015-03-12 13:13:00	PGE1	5.1080000000000005	1317.0	d4-PGE1	4.975	416714.0
s033	s033_a1	sample	1	a	2	89	2015-03-12 13:13:00	PGE2	4.777	72220.0	d9-PGE2	4.732	77963.0
s033	s033_a1	sample	1	a	2	89	2015-03-12 13:13:00	PGE3	4.01	3756082.0	d9-PGE2	4.732	77963.0
s175	s175_a1	sample	1	a	2	90	2015-03-12 13:27:00	PGE1	5.099	1550.0	d4-PGE1	4.975	405089.0
s175	s175_a1	sample	1	a	2	90	2015-03-12 13:27:00	PGE2	4.78	19955.0	d9-PGE2	4.739	67543.0
s175	s175_a1	sample	1	a	2	90	2015-03-12 13:27:00	PGE3	4.007	180750.0	d9-PGE2	4.739	67543.0
s001	s001_a1	sample	1	a	2	91	2015-03-12 13:42:00	PGE1	4.977	776.0	d4-PGE1	4.968	387179.0
s001	s001_a1	sample	1	a	2	91	2015-03-12 13:42:00	PGE2	4.772	15909.0	d9-PGE2	4.736000000000001	70698.0
s001	s001_a1	sample	1	a	2	91	2015-03-12 13:42:00	PGE3	4.0089999999999995	366306.0	d9-PGE2	4.736000000000001	70698.0
s0002	s0002qc_f1	qc	1	f	2	92	2015-03-12 13:56:00	PGE1	5.111000000000001	3593.0	d4-PGE1	4.984	355464.0
s0002	s0002qc_f1	qc	1	f	2	92	2015-03-12 13:56:00	PGE2	4.791	61611.0	d9-PGE2	4.743	63506.0
s0002	s0002qc_f1	qc	1	f	2	92	2015-03-12 13:56:00	PGE3	4.0169999999999995	706252.0	d9-PGE2	4.743	63506.0
s022	s022_a1	sample	1	a	2	93	2015-03-12 14:10:00	PGE1	5.114	2640.0	d4-PGE1	4.978	332893.0
s022	s022_a1	sample	1	a	2	93	2015-03-12 14:10:00	PGE2	4.79	40878.0	d9-PGE2	4.744	45165.0
s022	s022_a1	sample	1	a	2	93	2015-03-12 14:10:00	PGE3	4.02	233030.0	d9-PGE2	4.744	45165.0
s128	s128_b1	sample	1	b	2	94	2015-03-12 14:25:00	PGE1	4.985	3303.0	d4-PGE1	4.978	372488.0
s128	s128_b1	sample	1	b	2	94	2015-03-12 14:25:00	PGE2	4.788	35262.0	d9-PGE2	4.742	67343.0
s128	s128_b1	sample	1	b	2	94	2015-03-12 14:25:00	PGE3	4.013	3969495.0	d9-PGE2	4.742	67343.0
s203	s203_a1	sample	1	a	2	95	2015-03-12 14:39:00	PGE1	5.002	1396.0	d4-PGE1	4.988	369585.0
s203	s203_a1	sample	1	a	2	95	2015-03-12 14:39:00	PGE2	4.8	39283.0	d9-PGE2	4.751	65486.0
s203	s203_a1	sample	1	a	2	95	2015-03-12 14:39:00	PGE3	4.021	70454.0	d9-PGE2	4.751	65486.0
s026	s026_a1	sample	1	a	2	96	2015-03-12 14:53:00	PGE1	5.102	1880.0	d4-PGE1	4.971	427836.0
s026	s026_a1	sample	1	a	2	96	2015-03-12 14:53:00	PGE2	4.776	88515.0	d9-PGE2	4.734	84432.0
s026	s026_a1	sample	1	a	2	96	2015-03-12 14:53:00	PGE3	4.007	542601.0	d9-PGE2	4.734	84432.0
s119	s119_a1	sample	1	a	2	97	2015-03-12 15:08:00	PGE1	5.0569999999999995	2789.0	d4-PGE1	4.982	381521.0
s119	s119_a1	sample	1	a	2	97	2015-03-12 15:08:00	PGE2	4.787	14731.0	d9-PGE2	4.748	72355.0
s119	s119_a1	sample	1	a	2	97	2015-03-12 15:08:00	PGE3	4.019	77867.0	d9-PGE2	4.748	72355.0
s142	s142_a1	sample	1	a	2	98	2015-03-12 15:22:00	PGE1	4.966	415.0	d4-PGE1	4.98	385683.0
s142	s142_a1	sample	1	a	2	98	2015-03-12 15:22:00	PGE2	4.787	16495.0	d9-PGE2	4.7410000000000005	62154.0
s142	s142_a1	sample	1	a	2	98	2015-03-12 15:22:00	PGE3	4.013	519177.0	d9-PGE2	4.7410000000000005	62154.0
s157	s157_a1	sample	1	a	2	99	2015-03-12 15:37:00	PGE1	5.119	1908.0	d4-PGE1	4.982	334609.0
s157	s157_a1	sample	1	a	2	99	2015-03-12 15:37:00	PGE2	4.788	38736.0	d9-PGE2	4.742	52776.0
s157	s157_a1	sample	1	a	2	99	2015-03-12 15:37:00	PGE3	4.011	722405.0	d9-PGE2	4.742	52776.0
s136	s136_b1	sample	1	b	2	100	2015-03-12 15:51:00	PGE1	5.105	1555.0	d4-PGE1	4.977	397669.0
s136	s136_b1	sample	1	b	2	100	2015-03-12 15:51:00	PGE2	4.782	44833.0	d9-PGE2	4.739	70583.0
s136	s136_b1	sample	1	b	2	100	2015-03-12 15:51:00	PGE3	4.0089999999999995	1518321.0	d9-PGE2	4.739	70583.0
s0002	s0002qc_g1	qc	1	g	2	101	2015-03-12 16:06:00	PGE1	5.111000000000001	1048.0	d4-PGE1	4.977	340934.0
s0002	s0002qc_g1	qc	1	g	2	101	2015-03-12 16:06:00	PGE2	4.785	64128.0	d9-PGE2	4.74	59368.0
s0002	s0002qc_g1	qc	1	g	2	101	2015-03-12 16:06:00	PGE3	4.011	709428.0	d9-PGE2	4.74	59368.0
s0002	s0002blank_b1	blank	1	b	2	102	2015-03-12 16:20:00	PGE1	5.02	56.0	d4-PGE1	5.087	98.0
s0002	s0002blank_b1	blank	1	b	2	102	2015-03-12 16:20:00	PGE2	4.817	263.0	d9-PGE2		
s0002	s0002blank_b1	blank	1	b	2	102	2015-03-12 16:20:00	PGE3		272.0	d9-PGE2		
s0002	s0002qc_g2	qc	2	g	2	103	2015-03-12 16:34:00	PGE1	5.102	3543.0	d4-PGE1	4.967	346113.0
s0002	s0002qc_g2	qc	2	g	2	103	2015-03-12 16:34:00	PGE2	4.776	58870.0	d9-PGE2	4.728	56646.0
s0002	s0002qc_g2	qc	2	g	2	103	2015-03-12 16:34:00	PGE3	4.004	704250.0	d9-PGE2	4.728	56646.0
s0002cal0	s0002cal0_a2	cal	2	a	2	104	2015-03-12 16:49:00	PGE1	5.113	2980.0	d4-PGE1	4.976	389350.0
s0002cal0	s0002cal0_a2	cal	2	a	2	104	2015-03-12 16:49:00	PGE2	4.7860000000000005	52280.0	d9-PGE2	4.742	62455.0
s0002cal0	s0002cal0_a2	cal	2	a	2	104	2015-03-12 16:49:00	PGE3	4.012	748844.0	d9-PGE2	4.742	62455.0
s0002cal1	s0002cal1_a2	cal	2	a	2	105	2015-03-12 17:03:00	PGE1	5.093999999999999	4456.0	d4-PGE1	4.968999999999999	408648.0
s0002cal1	s0002cal1_a2	cal	2	a	2	105	2015-03-12 17:03:00	PGE2	4.779	99280.0	d9-PGE2	4.735	63421.0
s0002cal1	s0002cal1_a2	cal	2	a	2	105	2015-03-12 17:03:00	PGE3	4.005	752721.0	d9-PGE2	4.735	63421.0
s0002cal2	s0002cal2_a2	cal	2	a	2	106	2015-03-12 17:17:00	PGE1	5.084	3542.0	d4-PGE1	4.968	370050.0
s0002cal2	s0002cal2_a2	cal	2	a	2	106	2015-03-12 17:17:00	PGE2	4.783	115962.0	d9-PGE2	4.739	58178.0
s0002cal2	s0002cal2_a2	cal	2	a	2	106	2015-03-12 17:17:00	PGE3	4.01	751376.0	d9-PGE2	4.739	58178.0
s0002cal3	s0002cal3_a2	cal	2	a	2	107	2015-03-12 17:32:00	PGE1	5.106	10239.0	d4-PGE1	4.9719999999999995	393986.0
s0002cal3	s0002cal3_a2	cal	2	a	2	107	2015-03-12 17:32:00	PGE2	4.78	169990.0	d9-PGE2	4.734	56492.0
s0002cal3	s0002cal3_a2	cal	2	a	2	107	2015-03-12 17:32:00	PGE3	4.004	777457.0	d9-PGE2	4.734	56492.0
s0002cal4	s0002cal4_a2	cal	2	a	2	108	2015-03-12 17:46:00	PGE1	5.1080000000000005	33170.0	d4-PGE1	4.974	434553.0
s0002cal4	s0002cal4_a2	cal	2	a	2	108	2015-03-12 17:46:00	PGE2	4.785	624264.0	d9-PGE2	4.74	68828.0
s0002cal4	s0002cal4_a2	cal	2	a	2	108	2015-03-12 17:46:00	PGE3	4.006	929961.0	d9-PGE2	4.74	68828.0
s0002cal5	s0002cal5_a2	cal	2	a	2	109	2015-03-12 18:01:00	PGE1	5.098	37478.0	d4-PGE1	4.9719999999999995	364078.0
s0002cal5	s0002cal5_a2	cal	2	a	2	109	2015-03-12 18:01:00	PGE2	4.782	949962.0	d9-PGE2	4.737	54796.0
s0002cal5	s0002cal5_a2	cal	2	a	2	109	2015-03-12 18:01:00	PGE3	4.004	1023226.0	d9-PGE2	4.737	54796.0
s0002cal6	s0002cal6_a2	cal	2	a	2	110	2015-03-12 18:15:00	PGE1	5.098	114406.0	d4-PGE1	4.97	413772.0
s0002cal6	s0002cal6_a2	cal	2	a	2	110	2015-03-12 18:15:00	PGE2	4.776	1843343.0	d9-PGE2	4.73	60403.0
s0002cal6	s0002cal6_a2	cal	2	a	2	110	2015-03-12 18:15:00	PGE3	4.0	1376233.0	d9-PGE2	4.73	60403.0
s0002	s0002qc_h1	qc	1	h	2	111	2015-03-12 18:30:00	PGE1	5.121	2926.0	d4-PGE1	4.985	347375.0
s0002	s0002qc_h1	qc	1	h	2	111	2015-03-12 18:30:00	PGE2	4.792	59748.0	d9-PGE2	4.748	53832.0
s0002	s0002qc_h1	qc	1	h	2	111	2015-03-12 18:30:00	PGE3	4.016	736204.0	d9-PGE2	4.748	53832.0
s0002	s0002blank_b2	blank	2	b	2	112	2015-03-12 18:44:00	PGE1	5.011	158.0	d4-PGE1	5.011	84.0
s0002	s0002blank_b2	blank	2	b	2	112	2015-03-12 18:44:00	PGE2		90.0	d9-PGE2	4.716	56.0
s0002	s0002blank_b2	blank	2	b	2	112	2015-03-12 18:44:00	PGE3		395.0	d9-PGE2	4.716	56.0
s0002	s0002qc_h2	qc	2	h	2	113	2015-03-12 18:58:00	PGE1	4.987	4275.0	d4-PGE1	4.975	353551.0
s0002	s0002qc_h2	qc	2	h	2	113	2015-03-12 18:58:00	PGE2	4.7860000000000005	56029.0	d9-PGE2	4.7410000000000005	53367.0
s0002	s0002qc_h2	qc	2	h	2	113	2015-03-12 18:58:00	PGE3	4.013	760916.0	d9-PGE2	4.7410000000000005	53367.0
s0003	s0003qc_a1	qc	1	a	3	1	2015-03-12 20:22:00	PGE1	5.046	2587.0	d4-PGE1	5.038	8729.0
s0003	s0003qc_a1	qc	1	a	3	1	2015-03-12 20:22:00	PGE2			d9-PGE2	4.721	4037.0
s0003	s0003qc_a1	qc	1	a	3	1	2015-03-12 20:22:00	PGE3	4.055	8798.0	d9-PGE2	4.721	4037.0
s0003	s0003blank_a1	blank	1	a	3	2	2015-03-12 20:37:00	PGE1	4.886	136.0	d4-PGE1	5.167000000000001	56.0
s0003	s0003blank_a1	blank	1	a	3	2	2015-03-12 20:37:00	PGE2		143.0	d9-PGE2		
s0003	s0003blank_a1	blank	1	a	3	2	2015-03-12 20:37:00	PGE3			d9-PGE2		
s0003	s0003qc_a2	qc	2	a	3	3	2015-03-12 20:51:00	PGE1	5.157	2624.0	d4-PGE1	5.1	4668.0
s0003	s0003qc_a2	qc	2	a	3	3	2015-03-12 20:51:00	PGE2			d9-PGE2	4.98	2268.0
s0003	s0003qc_a2	qc	2	a	3	3	2015-03-12 20:51:00	PGE3	4.165	17480.0	d9-PGE2	4.98	2268.0
s0003cal0	s0003cal0_a1	cal	1	a	3	4	2015-03-12 21:06:00	PGE1	5.093	2235.0	d4-PGE1	5.111000000000001	4201.0
s0003cal0	s0003cal0_a1	cal	1	a	3	4	2015-03-12 21:06:00	PGE2			d9-PGE2	4.7669999999999995	2302.0
s0003cal0	s0003cal0_a1	cal	1	a	3	4	2015-03-12 21:06:00	PGE3	4.165	18295.0	d9-PGE2	4.7669999999999995	2302.0
s0003cal1	s0003cal1_a1	cal	1	a	3	5	2015-03-12 21:20:00	PGE1	5.064	53025.0	d4-PGE1	5.052	1555.0
s0003cal1	s0003cal1_a1	cal	1	a	3	5	2015-03-12 21:20:00	PGE2	4.954	28335.0	d9-PGE2	4.906000000000001	1858.0
s0003cal1	s0003cal1_a1	cal	1	a	3	5	2015-03-12 21:20:00	PGE3	4.133	11915.0	d9-PGE2	4.906000000000001	1858.0
s0003cal2	s0003cal2_a1	cal	1	a	3	6	2015-03-12 21:34:00	PGE1	4.997	99860.0	d4-PGE1	5.051	2236.0
s0003cal2	s0003cal2_a1	cal	1	a	3	6	2015-03-12 21:34:00	PGE2	4.885	65413.0	d9-PGE2	4.838	1908.0
s0003cal2	s0003cal2_a1	cal	1	a	3	6	2015-03-12 21:34:00	PGE3	4.055	17322.0	d9-PGE2	4.838	1908.0
s0003cal3	s0003cal3_a1	cal	1	a	3	7	2015-03-12 21:49:00	PGE1	4.977	186233.0	d4-PGE1	4.971	3133.0
s0003cal3	s0003cal3_a1	cal	1	a	3	7	2015-03-12 21:49:00	PGE2	4.864	126682.0	d9-PGE2	4.819	928.0
s0003cal3	s0003cal3_a1	cal	1	a	3	7	2015-03-12 21:49:00	PGE3	4.0489999999999995	11748.0	d9-PGE2	4.819	928.0
s0003cal4	s0003cal4_a1	cal	1	a	3	8	2015-03-12 22:03:00	PGE1	4.968999999999999	648120.0	d4-PGE1	4.954	3777.0
s0003cal4	s0003cal4_a1	cal	1	a	3	8	2015-03-12 22:03:00	PGE2	4.855	433788.0	d9-PGE2	4.793	1173.0
s0003cal4	s0003cal4_a1	cal	1	a	3	8	2015-03-12 22:03:00	PGE3	4.266	1102899.0	d9-PGE2	4.793	1173.0
s0003cal5	s0003cal5_a1	cal	1	a	3	9	2015-03-12 22:18:00	PGE1	5.212999999999999	966812.0	d4-PGE1	5.111000000000001	2414.0
s0003cal5	s0003cal5_a1	cal	1	a	3	9	2015-03-12 22:18:00	PGE2	4.834	766213.0	d9-PGE2	4.766	1826.0
s0003cal5	s0003cal5_a1	cal	1	a	3	9	2015-03-12 22:18:00	PGE3	4.25	1300419.0	d9-PGE2	4.766	1826.0
s0003cal7	s0003cal7_a1	cal	1	a	3	10	2015-03-12 22:32:00	PGE1	5.207999999999999	1746511.0	d4-PGE1	5.1979999999999995	370444.0
s0003cal7	s0003cal7_a1	cal	1	a	3	10	2015-03-12 22:32:00	PGE2	4.83	1450619.0	d9-PGE2	4.79	497.0
s0003cal7	s0003cal7_a1	cal	1	a	3	10	2015-03-12 22:32:00	PGE3	4.242	1623141.0	d9-PGE2	4.79	497.0
s0003	s0003qc_b1	qc	1	b	3	11	2015-03-12 22:46:00	PGE1	5.202999999999999	5304.0	d4-PGE1	5.189	401029.0
s0003	s0003qc_b1	qc	1	b	3	11	2015-03-12 22:46:00	PGE2	5.003	37515.0	d9-PGE2	4.841	1105.0
s0003	s0003qc_b1	qc	1	b	3	11	2015-03-12 22:46:00	PGE3	3.9989999999999997	11160.0	d9-PGE2	4.841	1105.0
s0003	s0003blank_a2	blank	2	a	3	12	2015-03-12 23:01:00	PGE1	4.962	353.0	d4-PGE1	5.002	151.0
s0003	s0003blank_a2	blank	2	a	3	12	2015-03-12 23:01:00	PGE2			d9-PGE2	4.872	128.0
s0003	s0003blank_a2	blank	2	a	3	12	2015-03-12 23:01:00	PGE3		217.0	d9-PGE2	4.872	128.0
s0003	s0003qc_b2	qc	2	b	3	13	2015-03-12 23:16:00	PGE1	5.1770000000000005	3280.0	d4-PGE1	5.172000000000001	343008.0
s0003	s0003qc_b2	qc	2	b	3	13	2015-03-12 23:16:00	PGE2	4.988	37788.0	d9-PGE2	4.752	1647.0
s0003	s0003qc_b2	qc	2	b	3	13	2015-03-12 23:16:00	PGE3	3.984	9347.0	d9-PGE2	4.752	1647.0
s151	s151_a1	sample	1	a	3	14	2015-03-12 23:30:00	PGE1	5.167999999999999	1092.0	d4-PGE1	5.165	332834.0
s151	s151_a1	sample	1	a	3	14	2015-03-12 23:30:00	PGE2	4.98	17596.0	d9-PGE2	4.926	64597.0
s151	s151_a1	sample	1	a	3	14	2015-03-12 23:30:00	PGE3	4.019	44208.0	d9-PGE2	4.926	64597.0
s021	s021_a1	sample	1	a	3	15	2015-03-12 23:44:00	PGE1	5.056	2107.0	d4-PGE1	5.154	350795.0
s021	s021_a1	sample	1	a	3	15	2015-03-12 23:44:00	PGE2	4.9719999999999995	51190.0	d9-PGE2	4.916	71355.0
s021	s021_a1	sample	1	a	3	15	2015-03-12 23:44:00	PGE3	4.204	44952.0	d9-PGE2	4.916	71355.0
s072	s072_a1	sample	1	a	3	16	2015-03-12 23:59:00	PGE1	5.146	3153.0	d4-PGE1	5.138999999999999	297417.0
s072	s072_a1	sample	1	a	3	16	2015-03-12 23:59:00	PGE2	4.954	37358.0	d9-PGE2	4.901	62607.0
s072	s072_a1	sample	1	a	3	16	2015-03-12 23:59:00	PGE3	4.183	486708.0	d9-PGE2	4.901	62607.0
s158	s158_a1	sample	1	a	3	17	2015-03-13 00:13:00	PGE1	5.149	1972.0	d4-PGE1	5.14	309592.0
s158	s158_a1	sample	1	a	3	17	2015-03-13 00:13:00	PGE2	4.9510000000000005	50584.0	d9-PGE2	4.9	66849.0
s158	s158_a1	sample	1	a	3	17	2015-03-13 00:13:00	PGE3	4.022	3324.0	d9-PGE2	4.9	66849.0
s075	s075_a1	sample	1	a	3	18	2015-03-13 00:28:00	PGE1	5.1160000000000005	2014.0	d4-PGE1	5.135	346357.0
s075	s075_a1	sample	1	a	3	18	2015-03-13 00:28:00	PGE2	4.947	28084.0	d9-PGE2	4.893	104261.0
s075	s075_a1	sample	1	a	3	18	2015-03-13 00:28:00	PGE3	4.061	3088.0	d9-PGE2	4.893	104261.0
s190	s190_a1	sample	1	a	3	19	2015-03-13 00:42:00	PGE1	5.129	2976.0	d4-PGE1	5.11	348672.0
s190	s190_a1	sample	1	a	3	19	2015-03-13 00:42:00	PGE2	4.922	50541.0	d9-PGE2	4.869	65957.0
s190	s190_a1	sample	1	a	3	19	2015-03-13 00:42:00	PGE3	4.151	79938.0	d9-PGE2	4.869	65957.0
s192	s192_a1	sample	1	a	3	20	2015-03-13 00:56:00	PGE1	5.083	4533.0	d4-PGE1	5.07	359963.0
s192	s192_a1	sample	1	a	3	20	2015-03-13 00:56:00	PGE2	4.878	63623.0	d9-PGE2	4.827	62304.0
s192	s192_a1	sample	1	a	3	20	2015-03-13 00:56:00	PGE3	4.111000000000001	230545.0	d9-PGE2	4.827	62304.0
s195	s195_a1	sample	1	a	3	21	2015-03-13 01:11:00	PGE1	5.109	2577.0	d4-PGE1	4.974	324445.0
s195	s195_a1	sample	1	a	3	21	2015-03-13 01:11:00	PGE2	4.783	43650.0	d9-PGE2	4.746	73628.0
s195	s195_a1	sample	1	a	3	21	2015-03-13 01:11:00	PGE3	4.0360000000000005	52667.0	d9-PGE2	4.746	73628.0
s138	s138_a1	sample	1	a	3	22	2015-03-13 01:25:00	PGE1	5.041	4035.0	d4-PGE1	4.894	297977.0
s138	s138_a1	sample	1	a	3	22	2015-03-13 01:25:00	PGE2	4.708	48607.0	d9-PGE2	4.664	67565.0
s138	s138_a1	sample	1	a	3	22	2015-03-13 01:25:00	PGE3	3.949	499912.0	d9-PGE2	4.664	67565.0
s0003	s0003qc_c1	qc	1	c	3	23	2015-03-13 01:40:00	PGE1	5.013999999999999	4044.0	d4-PGE1	4.887	366184.0
s0003	s0003qc_c1	qc	1	c	3	23	2015-03-13 01:40:00	PGE2	4.696000000000001	42284.0	d9-PGE2	4.652	87627.0
s0003	s0003qc_c1	qc	1	c	3	23	2015-03-13 01:40:00	PGE3	3.935	876291.0	d9-PGE2	4.652	87627.0
s025	s025_a1	sample	1	a	3	24	2015-03-13 01:54:00	PGE1	5.007	2089.0	d4-PGE1	4.8839999999999995	347666.0
s025	s025_a1	sample	1	a	3	24	2015-03-13 01:54:00	PGE2	4.696000000000001	41179.0	d9-PGE2	4.65	75459.0
s025	s025_a1	sample	1	a	3	24	2015-03-13 01:54:00	PGE3	3.929	45508.0	d9-PGE2	4.65	75459.0
s079	s079_a1	sample	1	a	3	25	2015-03-13 02:08:00	PGE1	5.038	4489.0	d4-PGE1	4.909	323370.0
s079	s079_a1	sample	1	a	3	25	2015-03-13 02:08:00	PGE2	4.717	81984.0	d9-PGE2	4.665	73054.0
s079	s079_a1	sample	1	a	3	25	2015-03-13 02:08:00	PGE3	3.948	24627.0	d9-PGE2	4.665	73054.0
s134	s134_a1	sample	1	a	3	26	2015-03-13 02:23:00	PGE1	5.0280000000000005	2634.0	d4-PGE1	4.905	347079.0
s134	s134_a1	sample	1	a	3	26	2015-03-13 02:23:00	PGE2	4.717	53865.0	d9-PGE2	4.671	75680.0
s134	s134_a1	sample	1	a	3	26	2015-03-13 02:23:00	PGE3	3.95	23065.0	d9-PGE2	4.671	75680.0
s027	s027_a1	sample	1	a	3	27	2015-03-13 02:37:00	PGE1	4.998	5791.0	d4-PGE1	4.902	436273.0
s027	s027_a1	sample	1	a	3	27	2015-03-13 02:37:00	PGE2	4.716	45807.0	d9-PGE2	4.669	97763.0
s027	s027_a1	sample	1	a	3	27	2015-03-13 02:37:00	PGE3	3.951	635807.0	d9-PGE2	4.669	97763.0
s006	s006_a1	sample	1	a	3	28	2015-03-13 02:52:00	PGE1	5.043	1453.0	d4-PGE1	4.906000000000001	286059.0
s006	s006_a1	sample	1	a	3	28	2015-03-13 02:52:00	PGE2	4.717	56505.0	d9-PGE2	4.676	56961.0
s006	s006_a1	sample	1	a	3	28	2015-03-13 02:52:00	PGE3	3.949	56888.0	d9-PGE2	4.676	56961.0
s130	s130_b1	sample	1	b	3	29	2015-03-13 03:06:00	PGE1	5.04	2160.0	d4-PGE1	4.914	343821.0
s130	s130_b1	sample	1	b	3	29	2015-03-13 03:06:00	PGE2	4.728	54488.0	d9-PGE2	4.677	70586.0
s130	s130_b1	sample	1	b	3	29	2015-03-13 03:06:00	PGE3	3.955	52547.0	d9-PGE2	4.677	70586.0
s111	s111_a1	sample	1	a	3	30	2015-03-13 03:21:00	PGE1	5.047	2987.0	d4-PGE1	4.91	309037.0
s111	s111_a1	sample	1	a	3	30	2015-03-13 03:21:00	PGE2	4.72	36038.0	d9-PGE2	4.67	65341.0
s111	s111_a1	sample	1	a	3	30	2015-03-13 03:21:00	PGE3	3.95	64300.0	d9-PGE2	4.67	65341.0
s010	s010_a1	sample	1	a	3	31	2015-03-13 03:35:00	PGE1	5.037	2560.0	d4-PGE1	4.904	339666.0
s010	s010_a1	sample	1	a	3	31	2015-03-13 03:35:00	PGE2	4.718999999999999	37374.0	d9-PGE2	4.668	85743.0
s010	s010_a1	sample	1	a	3	31	2015-03-13 03:35:00	PGE3	3.952	50046.0	d9-PGE2	4.668	85743.0
s180	s180_a1	sample	1	a	3	32	2015-03-13 03:50:00	PGE1	5.035	4485.0	d4-PGE1	4.914	336325.0
s180	s180_a1	sample	1	a	3	32	2015-03-13 03:50:00	PGE2	4.726	81334.0	d9-PGE2	4.678999999999999	82094.0
s180	s180_a1	sample	1	a	3	32	2015-03-13 03:50:00	PGE3	3.957	693410.0	d9-PGE2	4.678999999999999	82094.0
s030	s030_a1	sample	1	a	3	33	2015-03-13 04:04:00	PGE1	5.046	3296.0	d4-PGE1	4.9110000000000005	384548.0
s030	s030_a1	sample	1	a	3	33	2015-03-13 04:04:00	PGE2	4.723	29518.0	d9-PGE2	4.6739999999999995	87248.0
s030	s030_a1	sample	1	a	3	33	2015-03-13 04:04:00	PGE3	3.955	2633390.0	d9-PGE2	4.6739999999999995	87248.0
s0003	s0003qc_c2	qc	2	c	3	34	2015-03-13 04:18:00	PGE1	5.041	4634.0	d4-PGE1	4.913	289405.0
s0003	s0003qc_c2	qc	2	c	3	34	2015-03-13 04:18:00	PGE2	4.725	31248.0	d9-PGE2	4.678	75355.0
s0003	s0003qc_c2	qc	2	c	3	34	2015-03-13 04:18:00	PGE3	3.9610000000000003	905653.0	d9-PGE2	4.678	75355.0
s066	s066_a1	sample	1	a	3	35	2015-03-13 04:33:00	PGE1	5.04	2675.0	d4-PGE1	4.912	357764.0
s066	s066_a1	sample	1	a	3	35	2015-03-13 04:33:00	PGE2	4.726	32018.0	d9-PGE2	4.677	86105.0
s066	s066_a1	sample	1	a	3	35	2015-03-13 04:33:00	PGE3	3.955	45630.0	d9-PGE2	4.677	86105.0
s104	s104_a1	sample	1	a	3	36	2015-03-13 04:47:00	PGE1	5.022	4662.0	d4-PGE1	4.9110000000000005	311354.0
s104	s104_a1	sample	1	a	3	36	2015-03-13 04:47:00	PGE2	4.717	51901.0	d9-PGE2	4.669	85851.0
s104	s104_a1	sample	1	a	3	36	2015-03-13 04:47:00	PGE3	3.9530000000000003	90840.0	d9-PGE2	4.669	85851.0
s069	s069_a1	sample	1	a	3	37	2015-03-13 05:02:00	PGE1	5.075	3339.0	d4-PGE1	4.904	357594.0
s069	s069_a1	sample	1	a	3	37	2015-03-13 05:02:00	PGE2	4.723	19067.0	d9-PGE2	4.671	89696.0
s069	s069_a1	sample	1	a	3	37	2015-03-13 05:02:00	PGE3	3.949	67724.0	d9-PGE2	4.671	89696.0
s105	s105_b1	sample	1	b	3	38	2015-03-13 05:16:00	PGE1	5.044	3437.0	d4-PGE1	4.9110000000000005	293643.0
s105	s105_b1	sample	1	b	3	38	2015-03-13 05:16:00	PGE2	4.723	16097.0	d9-PGE2	4.675	48180.0
s105	s105_b1	sample	1	b	3	38	2015-03-13 05:16:00	PGE3	3.9530000000000003	114151.0	d9-PGE2	4.675	48180.0
s106	s106_a1	sample	1	a	3	39	2015-03-13 05:30:00	PGE1	5.091	771.0	d4-PGE1	4.922	366530.0
s106	s106_a1	sample	1	a	3	39	2015-03-13 05:30:00	PGE2	4.7410000000000005	16890.0	d9-PGE2	4.68	92119.0
s106	s106_a1	sample	1	a	3	39	2015-03-13 05:30:00	PGE3	3.963	32823.0	d9-PGE2	4.68	92119.0
s102	s102_a1	sample	1	a	3	40	2015-03-13 05:45:00	PGE1	5.0489999999999995	6951.0	d4-PGE1	4.912	306405.0
s102	s102_a1	sample	1	a	3	40	2015-03-13 05:45:00	PGE2	4.725	153410.0	d9-PGE2	4.6819999999999995	76692.0
s102	s102_a1	sample	1	a	3	40	2015-03-13 05:45:00	PGE3	3.955	3752176.0	d9-PGE2	4.6819999999999995	76692.0
s202	s202_a1	sample	1	a	3	41	2015-03-13 05:59:00	PGE1	4.9719999999999995	6281.0	d4-PGE1	4.912	377989.0
s202	s202_a1	sample	1	a	3	41	2015-03-13 05:59:00	PGE2	4.721	30730.0	d9-PGE2	4.678999999999999	82970.0
s202	s202_a1	sample	1	a	3	41	2015-03-13 05:59:00	PGE3	3.957	71446.0	d9-PGE2	4.678999999999999	82970.0
s200	s200_a1	sample	1	a	3	42	2015-03-13 06:14:00	PGE1	5.043	3667.0	d4-PGE1	4.912	383147.0
s200	s200_a1	sample	1	a	3	42	2015-03-13 06:14:00	PGE2	4.7219999999999995	33196.0	d9-PGE2	4.676	117878.0
s200	s200_a1	sample	1	a	3	42	2015-03-13 06:14:00	PGE3	3.957	801837.0	d9-PGE2	4.676	117878.0
s095	s095_a1	sample	1	a	3	43	2015-03-13 06:28:00	PGE1	5.04	3713.0	d4-PGE1	4.918	329322.0
s095	s095_a1	sample	1	a	3	43	2015-03-13 06:28:00	PGE2	4.736000000000001	10590.0	d9-PGE2	4.683	60046.0
s095	s095_a1	sample	1	a	3	43	2015-03-13 06:28:00	PGE3	3.944	510631.0	d9-PGE2	4.683	60046.0
s101	s101_a1	sample	1	a	3	44	2015-03-13 06:42:00	PGE1	5.043	3167.0	d4-PGE1	4.907	379087.0
s101	s101_a1	sample	1	a	3	44	2015-03-13 06:42:00	PGE2	4.72	38360.0	d9-PGE2	4.676	98773.0
s101	s101_a1	sample	1	a	3	44	2015-03-13 06:42:00	PGE3	3.9589999999999996	69601.0	d9-PGE2	4.676	98773.0
s0003	s0003qc_d1	qc	1	d	3	45	2015-03-13 06:57:00	PGE1	5.052	5956.0	d4-PGE1	4.922	359630.0
s0003	s0003qc_d1	qc	1	d	3	45	2015-03-13 06:57:00	PGE2	4.729	45205.0	d9-PGE2	4.681	98504.0
s0003	s0003qc_d1	qc	1	d	3	45	2015-03-13 06:57:00	PGE3	3.963	941767.0	d9-PGE2	4.681	98504.0
s178	s178_a1	sample	1	a	3	46	2015-03-13 07:11:00	PGE1	5.034	2432.0	d4-PGE1	4.916	285361.0
s178	s178_a1	sample	1	a	3	46	2015-03-13 07:11:00	PGE2	4.729	15189.0	d9-PGE2	4.683	60106.0
s178	s178_a1	sample	1	a	3	46	2015-03-13 07:11:00	PGE3	3.963	1348850.0	d9-PGE2	4.683	60106.0
s053	s053_b1	sample	1	b	3	47	2015-03-13 07:26:00	PGE1	5.067	3151.0	d4-PGE1	4.913	297493.0
s053	s053_b1	sample	1	b	3	47	2015-03-13 07:26:00	PGE2	4.718999999999999	26473.0	d9-PGE2	4.669	76858.0
s053	s053_b1	sample	1	b	3	47	2015-03-13 07:26:00	PGE3	3.946	101244.0	d9-PGE2	4.669	76858.0
s034	s034_a1	sample	1	a	3	48	2015-03-13 07:40:00	PGE1	4.995	3016.0	d4-PGE1	4.91	325989.0
s034	s034_a1	sample	1	a	3	48	2015-03-13 07:40:00	PGE2	4.717	10438.0	d9-PGE2	4.673	59903.0
s034	s034_a1	sample	1	a	3	48	2015-03-13 07:40:00	PGE3	3.951	62130.0	d9-PGE2	4.673	59903.0
s040	s040_a1	sample	1	a	3	49	2015-03-13 07:54:00	PGE1	5.0280000000000005	3216.0	d4-PGE1	4.896	405883.0
s040	s040_a1	sample	1	a	3	49	2015-03-13 07:54:00	PGE2	4.71	14529.0	d9-PGE2	4.664	73521.0
s040	s040_a1	sample	1	a	3	49	2015-03-13 07:54:00	PGE3	3.94	74692.0	d9-PGE2	4.664	73521.0
s043	s043_a1	sample	1	a	3	50	2015-03-13 08:09:00	PGE1	5.03	7281.0	d4-PGE1	4.904	420449.0
s043	s043_a1	sample	1	a	3	50	2015-03-13 08:09:00	PGE2	4.716	47207.0	d9-PGE2	4.669	91726.0
s043	s043_a1	sample	1	a	3	50	2015-03-13 08:09:00	PGE3	3.947	214664.0	d9-PGE2	4.669	91726.0
s150	s150_a1	sample	1	a	3	51	2015-03-13 08:23:00	PGE1	5.035	4142.0	d4-PGE1	4.904	249708.0
s150	s150_a1	sample	1	a	3	51	2015-03-13 08:23:00	PGE2	4.718999999999999	62292.0	d9-PGE2	4.672	48018.0
s150	s150_a1	sample	1	a	3	51	2015-03-13 08:23:00	PGE3	3.945	94071.0	d9-PGE2	4.672	48018.0
s144	s144_a1	sample	1	a	3	52	2015-03-13 08:38:00	PGE1	5.037	3317.0	d4-PGE1	4.9	341787.0
s144	s144_a1	sample	1	a	3	52	2015-03-13 08:38:00	PGE2	4.709	31751.0	d9-PGE2	4.659	73172.0
s144	s144_a1	sample	1	a	3	52	2015-03-13 08:38:00	PGE3	3.937	164937.0	d9-PGE2	4.659	73172.0
s086	s086_a1	sample	1	a	3	53	2015-03-13 08:52:00	PGE1	5.006	2211.0	d4-PGE1	4.8839999999999995	377342.0
s086	s086_a1	sample	1	a	3	53	2015-03-13 08:52:00	PGE2	4.698	23574.0	d9-PGE2	4.649	90597.0
s086	s086_a1	sample	1	a	3	53	2015-03-13 08:52:00	PGE3	3.929	510173.0	d9-PGE2	4.649	90597.0
s020	s020_a1	sample	1	a	3	54	2015-03-13 09:06:00	PGE1	5.033	1425.0	d4-PGE1	4.894	184818.0
s020	s020_a1	sample	1	a	3	54	2015-03-13 09:06:00	PGE2	4.707	35669.0	d9-PGE2	4.657	38249.0
s020	s020_a1	sample	1	a	3	54	2015-03-13 09:06:00	PGE3	3.938	221613.0	d9-PGE2	4.657	38249.0
s132	s132_b1	sample	1	b	3	55	2015-03-13 09:21:00	PGE1	5.024	4019.0	d4-PGE1	4.888999999999999	386793.0
s132	s132_b1	sample	1	b	3	55	2015-03-13 09:21:00	PGE2	4.708	99122.0	d9-PGE2	4.666	74332.0
s132	s132_b1	sample	1	b	3	55	2015-03-13 09:21:00	PGE3	3.94	143599.0	d9-PGE2	4.666	74332.0
s0003	s0003qc_d2	qc	2	d	3	56	2015-03-13 09:35:00	PGE1	5.0169999999999995	5356.0	d4-PGE1	4.883	362503.0
s0003	s0003qc_d2	qc	2	d	3	56	2015-03-13 09:35:00	PGE2	4.695	46512.0	d9-PGE2	4.649	92293.0
s0003	s0003qc_d2	qc	2	d	3	56	2015-03-13 09:35:00	PGE3	3.926	994408.0	d9-PGE2	4.649	92293.0
s171	s171_a1	sample	1	a	3	57	2015-03-13 09:50:00	PGE1	5.138	1257.0	d4-PGE1	4.876	349665.0
s171	s171_a1	sample	1	a	3	57	2015-03-13 09:50:00	PGE2	4.7	18438.0	d9-PGE2	4.64	106062.0
s171	s171_a1	sample	1	a	3	57	2015-03-13 09:50:00	PGE3	3.92	338812.0	d9-PGE2	4.64	106062.0
s002	s002_a1	sample	1	a	3	58	2015-03-13 10:04:00	PGE1	5.0089999999999995	5272.0	d4-PGE1	4.877	331414.0
s002	s002_a1	sample	1	a	3	58	2015-03-13 10:04:00	PGE2	4.6930000000000005	70389.0	d9-PGE2	4.643	94798.0
s002	s002_a1	sample	1	a	3	58	2015-03-13 10:04:00	PGE3	3.9189999999999996	163728.0	d9-PGE2	4.643	94798.0
s116	s116_a1	sample	1	a	3	59	2015-03-13 10:19:00	PGE1	5.006	3214.0	d4-PGE1	4.874	319891.0
s116	s116_a1	sample	1	a	3	59	2015-03-13 10:19:00	PGE2	4.685	33914.0	d9-PGE2	4.6419999999999995	81385.0
s116	s116_a1	sample	1	a	3	59	2015-03-13 10:19:00	PGE3	3.9160000000000004	875631.0	d9-PGE2	4.6419999999999995	81385.0
s062	s062_a1	sample	1	a	3	60	2015-03-13 10:33:00	PGE1	5.007	2118.0	d4-PGE1	4.872	339370.0
s062	s062_a1	sample	1	a	3	60	2015-03-13 10:33:00	PGE2	4.689	37020.0	d9-PGE2	4.6419999999999995	85356.0
s062	s062_a1	sample	1	a	3	60	2015-03-13 10:33:00	PGE3	3.9219999999999997	214952.0	d9-PGE2	4.6419999999999995	85356.0
s093	s093_a1	sample	1	a	3	61	2015-03-13 10:48:00	PGE1	4.998	2275.0	d4-PGE1	4.874	378859.0
s093	s093_a1	sample	1	a	3	61	2015-03-13 10:48:00	PGE2	4.689	39382.0	d9-PGE2	4.641	91766.0
s093	s093_a1	sample	1	a	3	61	2015-03-13 10:48:00	PGE3	3.9160000000000004	76328.0	d9-PGE2	4.641	91766.0
s118	s118_a1	sample	1	a	3	62	2015-03-13 11:02:00	PGE1	5.003	3844.0	d4-PGE1	4.875	371196.0
s118	s118_a1	sample	1	a	3	62	2015-03-13 11:02:00	PGE2	4.691	27357.0	d9-PGE2	4.637	97774.0
s118	s118_a1	sample	1	a	3	62	2015-03-13 11:02:00	PGE3	3.915	928674.0	d9-PGE2	4.637	97774.0
s132	s132_a1	sample	1	a	3	63	2015-03-13 11:16:00	PGE1	5.008	2814.0	d4-PGE1	4.871	397311.0
s132	s132_a1	sample	1	a	3	63	2015-03-13 11:16:00	PGE2	4.684	98622.0	d9-PGE2	4.637	66673.0
s132	s132_a1	sample	1	a	3	63	2015-03-13 11:16:00	PGE3	3.915	155131.0	d9-PGE2	4.637	66673.0
s020	s020_b1	sample	1	b	3	64	2015-03-13 11:31:00	PGE1	5.007	2586.0	d4-PGE1	4.876	209820.0
s020	s020_b1	sample	1	b	3	64	2015-03-13 11:31:00	PGE2	4.689	36492.0	d9-PGE2	4.641	38251.0
s020	s020_b1	sample	1	b	3	64	2015-03-13 11:31:00	PGE3	3.9189999999999996	228338.0	d9-PGE2	4.641	38251.0
s099	s099_a1	sample	1	a	3	65	2015-03-13 11:45:00	PGE1	4.99	7364.0	d4-PGE1	4.879	345733.0
s099	s099_a1	sample	1	a	3	65	2015-03-13 11:45:00	PGE2	4.691	41771.0	d9-PGE2	4.643	98232.0
s099	s099_a1	sample	1	a	3	65	2015-03-13 11:45:00	PGE3	3.92	121018.0	d9-PGE2	4.643	98232.0
s189	s189_a1	sample	1	a	3	66	2015-03-13 12:00:00	PGE1	5.001	1973.0	d4-PGE1	4.873	323283.0
s189	s189_a1	sample	1	a	3	66	2015-03-13 12:00:00	PGE2	4.689	35596.0	d9-PGE2	4.6419999999999995	50690.0
s189	s189_a1	sample	1	a	3	66	2015-03-13 12:00:00	PGE3	3.917	84202.0	d9-PGE2	4.6419999999999995	50690.0
s0003	s0003qc_e1	qc	1	e	3	67	2015-03-13 12:14:00	PGE1	4.995	3836.0	d4-PGE1	4.876	391733.0
s0003	s0003qc_e1	qc	1	e	3	67	2015-03-13 12:14:00	PGE2	4.69	57067.0	d9-PGE2	4.645	88953.0
s0003	s0003qc_e1	qc	1	e	3	67	2015-03-13 12:14:00	PGE3	3.9219999999999997	1049958.0	d9-PGE2	4.645	88953.0
s084	s084_a1	sample	1	a	3	68	2015-03-13 12:28:00	PGE1	5.013999999999999	7734.0	d4-PGE1	4.876	403338.0
s084	s084_a1	sample	1	a	3	68	2015-03-13 12:28:00	PGE2	4.692	39796.0	d9-PGE2	4.6419999999999995	98618.0
s084	s084_a1	sample	1	a	3	68	2015-03-13 12:28:00	PGE3	3.9219999999999997	237139.0	d9-PGE2	4.6419999999999995	98618.0
s155	s155_a1	sample	1	a	3	69	2015-03-13 12:43:00	PGE1	5.011	5384.0	d4-PGE1	4.886	401703.0
s155	s155_a1	sample	1	a	3	69	2015-03-13 12:43:00	PGE2	4.698	99610.0	d9-PGE2	4.65	99507.0
s155	s155_a1	sample	1	a	3	69	2015-03-13 12:43:00	PGE3	3.931	90490.0	d9-PGE2	4.65	99507.0
s065	s065_a1	sample	1	a	3	70	2015-03-13 12:57:00	PGE1	5.016	2644.0	d4-PGE1	4.882	315755.0
s065	s065_a1	sample	1	a	3	70	2015-03-13 12:57:00	PGE2	4.7	29566.0	d9-PGE2	4.652	61316.0
s065	s065_a1	sample	1	a	3	70	2015-03-13 12:57:00	PGE3	3.926	129636.0	d9-PGE2	4.652	61316.0
s124	s124_a1	sample	1	a	3	71	2015-03-13 13:11:00	PGE1	5.033	6791.0	d4-PGE1	4.8839999999999995	388331.0
s124	s124_a1	sample	1	a	3	71	2015-03-13 13:11:00	PGE2	4.7010000000000005	79412.0	d9-PGE2	4.6530000000000005	96857.0
s124	s124_a1	sample	1	a	3	71	2015-03-13 13:11:00	PGE3	3.928	2228030.0	d9-PGE2	4.6530000000000005	96857.0
s053	s053_a1	sample	1	a	3	72	2015-03-13 13:26:00	PGE1	5.008	3040.0	d4-PGE1	4.887	329762.0
s053	s053_a1	sample	1	a	3	72	2015-03-13 13:26:00	PGE2	4.697	27001.0	d9-PGE2	4.645	73997.0
s053	s053_a1	sample	1	a	3	72	2015-03-13 13:26:00	PGE3	3.926	115638.0	d9-PGE2	4.645	73997.0
s178	s178_b1	sample	1	b	3	73	2015-03-13 13:40:00	PGE1	5.01	4115.0	d4-PGE1	4.8839999999999995	290783.0
s178	s178_b1	sample	1	b	3	73	2015-03-13 13:40:00	PGE2	4.687	19586.0	d9-PGE2	4.647	47724.0
s178	s178_b1	sample	1	b	3	73	2015-03-13 13:40:00	PGE3	3.923	1534882.0	d9-PGE2	4.647	47724.0
s058	s058_a1	sample	1	a	3	74	2015-03-13 13:55:00	PGE1	5.0	3358.0	d4-PGE1	5.001	88785.0
s058	s058_a1	sample	1	a	3	74	2015-03-13 13:55:00	PGE2	4.695	48911.0	d9-PGE2	4.646	81288.0
s058	s058_a1	sample	1	a	3	74	2015-03-13 13:55:00	PGE3	3.923	2175005.0	d9-PGE2	4.646	81288.0
s199	s199_a1	sample	1	a	3	75	2015-03-13 14:09:00	PGE1	5.013999999999999	4140.0	d4-PGE1	4.891	349421.0
s199	s199_a1	sample	1	a	3	75	2015-03-13 14:09:00	PGE2	4.706	21935.0	d9-PGE2	4.654	91913.0
s199	s199_a1	sample	1	a	3	75	2015-03-13 14:09:00	PGE3	3.9339999999999997	878208.0	d9-PGE2	4.654	91913.0
s097	s097_a1	sample	1	a	3	76	2015-03-13 14:23:00	PGE1	4.901	9931.0	d4-PGE1	4.888	351490.0
s097	s097_a1	sample	1	a	3	76	2015-03-13 14:23:00	PGE2	4.696000000000001	117490.0	d9-PGE2	4.647	71604.0
s097	s097_a1	sample	1	a	3	76	2015-03-13 14:23:00	PGE3	3.9219999999999997	5439957.0	d9-PGE2	4.647	71604.0
s117	s117_a1	sample	1	a	3	77	2015-03-13 14:38:00	PGE1	5.004	4211.0	d4-PGE1	4.874	345426.0
s117	s117_a1	sample	1	a	3	77	2015-03-13 14:38:00	PGE2	4.695	84818.0	d9-PGE2	4.649	87301.0
s117	s117_a1	sample	1	a	3	77	2015-03-13 14:38:00	PGE3	3.923	15702497.0	d9-PGE2	4.649	87301.0
s0003	s0003qc_e2	qc	2	e	3	78	2015-03-13 14:52:00	PGE1	5.021	6335.0	d4-PGE1	4.877	352387.0
s0003	s0003qc_e2	qc	2	e	3	78	2015-03-13 14:52:00	PGE2	4.6930000000000005	40400.0	d9-PGE2	4.644	97579.0
s0003	s0003qc_e2	qc	2	e	3	78	2015-03-13 14:52:00	PGE3	3.923	1090102.0	d9-PGE2	4.644	97579.0
s023	s023_a1	sample	1	a	3	79	2015-03-13 15:07:00	PGE1	5.015	3634.0	d4-PGE1	4.879	380419.0
s023	s023_a1	sample	1	a	3	79	2015-03-13 15:07:00	PGE2	4.69	85249.0	d9-PGE2	4.641	92861.0
s023	s023_a1	sample	1	a	3	79	2015-03-13 15:07:00	PGE3	3.9189999999999996	2643834.0	d9-PGE2	4.641	92861.0
s011	s011_a1	sample	1	a	3	80	2015-03-13 15:21:00	PGE1	5.008	5457.0	d4-PGE1	4.888999999999999	406768.0
s011	s011_a1	sample	1	a	3	80	2015-03-13 15:21:00	PGE2	4.7010000000000005	18344.0	d9-PGE2	4.6530000000000005	77746.0
s011	s011_a1	sample	1	a	3	80	2015-03-13 15:21:00	PGE3	3.927	3364075.0	d9-PGE2	4.6530000000000005	77746.0
s105	s105_a1	sample	1	a	3	81	2015-03-13 15:35:00	PGE1	5.0280000000000005	4876.0	d4-PGE1	4.89	336077.0
s105	s105_a1	sample	1	a	3	81	2015-03-13 15:35:00	PGE2	4.699	16853.0	d9-PGE2	4.6530000000000005	55445.0
s105	s105_a1	sample	1	a	3	81	2015-03-13 15:35:00	PGE3	3.928	131242.0	d9-PGE2	4.6530000000000005	55445.0
s069	s069_b1	sample	1	b	3	82	2015-03-13 15:50:00	PGE1	5.027	7145.0	d4-PGE1	4.898	353450.0
s069	s069_b1	sample	1	b	3	82	2015-03-13 15:50:00	PGE2	4.709	25751.0	d9-PGE2	4.663	83041.0
s069	s069_b1	sample	1	b	3	82	2015-03-13 15:50:00	PGE3	3.9360000000000004	84963.0	d9-PGE2	4.663	83041.0
s172	s172_a1	sample	1	a	3	83	2015-03-13 16:04:00	PGE1	5.023	4337.0	d4-PGE1	4.894	326812.0
s172	s172_a1	sample	1	a	3	83	2015-03-13 16:04:00	PGE2	4.704	30110.0	d9-PGE2	4.66	66889.0
s172	s172_a1	sample	1	a	3	83	2015-03-13 16:04:00	PGE3	3.928	51856.0	d9-PGE2	4.66	66889.0
s100	s100_a1	sample	1	a	3	84	2015-03-13 16:19:00	PGE1	5.021	3296.0	d4-PGE1	4.895	297573.0
s100	s100_a1	sample	1	a	3	84	2015-03-13 16:19:00	PGE2	4.709	25656.0	d9-PGE2	4.657	58034.0
s100	s100_a1	sample	1	a	3	84	2015-03-13 16:19:00	PGE3	3.9339999999999997	1369041.0	d9-PGE2	4.657	58034.0
s135	s135_a1	sample	1	a	3	85	2015-03-13 16:33:00	PGE1	5.005	1731.0	d4-PGE1	4.893	348788.0
s135	s135_a1	sample	1	a	3	85	2015-03-13 16:33:00	PGE2	4.702	14113.0	d9-PGE2	4.66	57361.0
s135	s135_a1	sample	1	a	3	85	2015-03-13 16:33:00	PGE3	3.93	19261.0	d9-PGE2	4.66	57361.0
s159	s159_a1	sample	1	a	3	86	2015-03-13 16:47:00	PGE1	5.023	2937.0	d4-PGE1	4.8919999999999995	331684.0
s159	s159_a1	sample	1	a	3	86	2015-03-13 16:47:00	PGE2	4.705	60934.0	d9-PGE2	4.655	101089.0
s159	s159_a1	sample	1	a	3	86	2015-03-13 16:47:00	PGE3	3.93	5939391.0	d9-PGE2	4.655	101089.0
s145	s145_a1	sample	1	a	3	87	2015-03-13 17:02:00	PGE1	4.997	5085.0	d4-PGE1	4.891	344779.0
s145	s145_a1	sample	1	a	3	87	2015-03-13 17:02:00	PGE2	4.7010000000000005	26575.0	d9-PGE2	4.654	100526.0
s145	s145_a1	sample	1	a	3	87	2015-03-13 17:02:00	PGE3	3.929	5157252.0	d9-PGE2	4.654	100526.0
s017	s017_a1	sample	1	a	3	88	2015-03-13 17:16:00	PGE1	5.011	5656.0	d4-PGE1	4.89	333355.0
s017	s017_a1	sample	1	a	3	88	2015-03-13 17:16:00	PGE2	4.703	47758.0	d9-PGE2	4.655	90492.0
s017	s017_a1	sample	1	a	3	88	2015-03-13 17:16:00	PGE3	3.9339999999999997	1227524.0	d9-PGE2	4.655	90492.0
s0003	s0003qc_f1	qc	1	f	3	89	2015-03-13 17:30:00	PGE1	5.006	3629.0	d4-PGE1	4.882	341085.0
s0003	s0003qc_f1	qc	1	f	3	89	2015-03-13 17:30:00	PGE2	4.695	47004.0	d9-PGE2	4.644	94892.0
s0003	s0003qc_f1	qc	1	f	3	89	2015-03-13 17:30:00	PGE3	3.925	1192646.0	d9-PGE2	4.644	94892.0
s130	s130_a1	sample	1	a	3	90	2015-03-13 17:45:00	PGE1	5.021	2419.0	d4-PGE1	4.887	377942.0
s130	s130_a1	sample	1	a	3	90	2015-03-13 17:45:00	PGE2	4.7	68279.0	d9-PGE2	4.655	77503.0
s130	s130_a1	sample	1	a	3	90	2015-03-13 17:45:00	PGE3	3.926	67120.0	d9-PGE2	4.655	77503.0
s006	s006_b1	sample	1	b	3	91	2015-03-13 17:59:00	PGE1	5.018	3695.0	d4-PGE1	4.887	292137.0
s006	s006_b1	sample	1	b	3	91	2015-03-13 17:59:00	PGE2	4.698	64883.0	d9-PGE2	4.651	60616.0
s006	s006_b1	sample	1	b	3	91	2015-03-13 17:59:00	PGE3	3.924	80648.0	d9-PGE2	4.651	60616.0
s162	s162_a1	sample	1	a	3	92	2015-03-13 18:14:00	PGE1	5.007	6673.0	d4-PGE1	4.893	336460.0
s162	s162_a1	sample	1	a	3	92	2015-03-13 18:14:00	PGE2	4.7	123199.0	d9-PGE2	4.654	86464.0
s162	s162_a1	sample	1	a	3	92	2015-03-13 18:14:00	PGE3	3.928	582057.0	d9-PGE2	4.654	86464.0
s047	s047_a1	sample	1	a	3	93	2015-03-13 18:28:00	PGE1	5.012	2404.0	d4-PGE1	4.888	386327.0
s047	s047_a1	sample	1	a	3	93	2015-03-13 18:28:00	PGE2	4.706	53896.0	d9-PGE2	4.656000000000001	100364.0
s047	s047_a1	sample	1	a	3	93	2015-03-13 18:28:00	PGE3	3.935	655091.0	d9-PGE2	4.656000000000001	100364.0
s107	s107_a1	sample	1	a	3	94	2015-03-13 18:42:00	PGE1	5.011	6412.0	d4-PGE1	4.8839999999999995	359446.0
s107	s107_a1	sample	1	a	3	94	2015-03-13 18:42:00	PGE2	4.699	44736.0	d9-PGE2	4.651	102589.0
s107	s107_a1	sample	1	a	3	94	2015-03-13 18:42:00	PGE3	3.925	168036.0	d9-PGE2	4.651	102589.0
s028	s028_a1	sample	1	a	3	95	2015-03-13 18:57:00	PGE1	5.011	3617.0	d4-PGE1	4.883	346884.0
s028	s028_a1	sample	1	a	3	95	2015-03-13 18:57:00	PGE2	4.699	37754.0	d9-PGE2	4.6530000000000005	97671.0
s028	s028_a1	sample	1	a	3	95	2015-03-13 18:57:00	PGE3	3.93	136347.0	d9-PGE2	4.6530000000000005	97671.0
s192	s192_b1	sample	1	b	3	96	2015-03-13 19:11:00	PGE1	5.0280000000000005	7721.0	d4-PGE1	4.89	332262.0
s192	s192_b1	sample	1	b	3	96	2015-03-13 19:11:00	PGE2	4.698	68151.0	d9-PGE2	4.647	82855.0
s192	s192_b1	sample	1	b	3	96	2015-03-13 19:11:00	PGE3	3.93	306749.0	d9-PGE2	4.647	82855.0
s0003	s0003qc_g1	qc	1	g	3	97	2015-03-13 19:26:00	PGE1	5.027	3007.0	d4-PGE1	4.893	354726.0
s0003	s0003qc_g1	qc	1	g	3	97	2015-03-13 19:26:00	PGE2	4.707	50874.0	d9-PGE2	4.657	99115.0
s0003	s0003qc_g1	qc	1	g	3	97	2015-03-13 19:26:00	PGE3	3.9360000000000004	1181696.0	d9-PGE2	4.657	99115.0
s0003	s0003blank_b1	blank	1	b	3	98	2015-03-13 19:40:00	PGE1	5.0569999999999995	205.0	d4-PGE1	5.101	273.0
s0003	s0003blank_b1	blank	1	b	3	98	2015-03-13 19:40:00	PGE2		1589.0	d9-PGE2	4.663	132.0
s0003	s0003blank_b1	blank	1	b	3	98	2015-03-13 19:40:00	PGE3		202.0	d9-PGE2	4.663	132.0
s0003	s0003qc_g2	qc	2	g	3	99	2015-03-13 19:54:00	PGE1	5.0489999999999995	6824.0	d4-PGE1	4.893	359820.0
s0003	s0003qc_g2	qc	2	g	3	99	2015-03-13 19:54:00	PGE2	4.702	44803.0	d9-PGE2	4.657	93833.0
s0003	s0003qc_g2	qc	2	g	3	99	2015-03-13 19:54:00	PGE3	3.937	1182822.0	d9-PGE2	4.657	93833.0
s0003cal0	s0003cal0_a2	cal	2	a	3	100	2015-03-13 20:09:00	PGE1	5.043	4612.0	d4-PGE1	4.902	325887.0
s0003cal0	s0003cal0_a2	cal	2	a	3	100	2015-03-13 20:09:00	PGE2	4.711	44859.0	d9-PGE2	4.665	82293.0
s0003cal0	s0003cal0_a2	cal	2	a	3	100	2015-03-13 20:09:00	PGE3	3.944	1165347.0	d9-PGE2	4.665	82293.0
s0003cal1	s0003cal1_a2	cal	2	a	3	101	2015-03-13 20:23:00	PGE1	4.909	33442.0	d4-PGE1	4.899	332397.0
s0003cal1	s0003cal1_a2	cal	2	a	3	101	2015-03-13 20:23:00	PGE2	4.708	63918.0	d9-PGE2	4.6610000000000005	87678.0
s0003cal1	s0003cal1_a2	cal	2	a	3	101	2015-03-13 20:23:00	PGE3	3.94	1193391.0	d9-PGE2	4.6610000000000005	87678.0
s0003cal2	s0003cal2_a2	cal	2	a	3	102	2015-03-13 20:38:00	PGE1	4.91	62928.0	d4-PGE1	4.898	368952.0
s0003cal2	s0003cal2_a2	cal	2	a	3	102	2015-03-13 20:38:00	PGE2	4.709	104238.0	d9-PGE2	4.6610000000000005	96323.0
s0003cal2	s0003cal2_a2	cal	2	a	3	102	2015-03-13 20:38:00	PGE3	3.9419999999999997	1245321.0	d9-PGE2	4.6610000000000005	96323.0
s0003cal3	s0003cal3_a2	cal	2	a	3	103	2015-03-13 20:52:00	PGE1	4.917	125947.0	d4-PGE1	4.907	393984.0
s0003cal3	s0003cal3_a2	cal	2	a	3	103	2015-03-13 20:52:00	PGE2	4.716	159227.0	d9-PGE2	4.667	101273.0
s0003cal3	s0003cal3_a2	cal	2	a	3	103	2015-03-13 20:52:00	PGE3	3.947	1287449.0	d9-PGE2	4.667	101273.0
s0003cal4	s0003cal4_a2	cal	2	a	3	104	2015-03-13 21:06:00	PGE1	4.917	450514.0	d4-PGE1	4.907	385467.0
s0003cal4	s0003cal4_a2	cal	2	a	3	104	2015-03-13 21:06:00	PGE2	4.7139999999999995	434853.0	d9-PGE2	4.666	92959.0
s0003cal4	s0003cal4_a2	cal	2	a	3	104	2015-03-13 21:06:00	PGE3	3.95	1403001.0	d9-PGE2	4.666	92959.0
s0003cal5	s0003cal5_a2	cal	2	a	3	105	2015-03-13 21:21:00	PGE1	4.912	817778.0	d4-PGE1	4.901	368111.0
s0003cal5	s0003cal5_a2	cal	2	a	3	105	2015-03-13 21:21:00	PGE2	4.713	771647.0	d9-PGE2	4.667	94438.0
s0003cal5	s0003cal5_a2	cal	2	a	3	105	2015-03-13 21:21:00	PGE3	3.9419999999999997	1594336.0	d9-PGE2	4.667	94438.0
s0003cal7	s0003cal7_a2	cal	2	a	3	106	2015-03-13 21:35:00	PGE1	4.912	1466189.0	d4-PGE1	4.902	307373.0
s0003cal7	s0003cal7_a2	cal	2	a	3	106	2015-03-13 21:35:00	PGE2	4.716	1330062.0	d9-PGE2	4.668	76037.0
s0003cal7	s0003cal7_a2	cal	2	a	3	106	2015-03-13 21:35:00	PGE3	3.947	1768309.0	d9-PGE2	4.668	76037.0
s0003	s0003qc_h1	qc	1	h	3	107	2015-03-13 21:50:00	PGE1	5.0360000000000005	6015.0	d4-PGE1	4.901	377227.0
s0003	s0003qc_h1	qc	1	h	3	107	2015-03-13 21:50:00	PGE2	4.713	51779.0	d9-PGE2	4.665	95927.0
s0003	s0003qc_h1	qc	1	h	3	107	2015-03-13 21:50:00	PGE3	3.9419999999999997	1198999.0	d9-PGE2	4.665	95927.0
s0003	s0003blank_b2	blank	2	b	3	108	2015-03-13 22:04:00	PGE1	5.324	107.0	d4-PGE1	5.053999999999999	177.0
s0003	s0003blank_b2	blank	2	b	3	108	2015-03-13 22:04:00	PGE2		1095.0	d9-PGE2		
s0003	s0003blank_b2	blank	2	b	3	108	2015-03-13 22:04:00	PGE3	3.957	464.0	d9-PGE2		
s0003	s0003qc_h2	qc	2	h	3	109	2015-03-13 22:18:00	PGE1	5.03	4491.0	d4-PGE1	4.901	369380.0
s0003	s0003qc_h2	qc	2	h	3	109	2015-03-13 22:18:00	PGE2	4.715	46317.0	d9-PGE2	4.664	90833.0
s0003	s0003qc_h2	qc	2	h	3	109	2015-03-13 22:18:00	PGE3	3.945	1207615.0	d9-PGE2	4.664	90833.0
s0002	s0002blank_b2	blank	2	b	3	110	2015-03-13 22:33:00	PGE1	4.931	65.0	d4-PGE1	5.072	153.0
s0002	s0002blank_b2	blank	2	b	3	110	2015-03-13 22:33:00	PGE2	4.87	147.0	d9-PGE2		
s0002	s0002blank_b2	blank	2	b	3	110	2015-03-13 22:33:00	PGE3	3.951	207.0	d9-PGE2		
s0002	s0002qc_h2	qc	2	h	3	111	2015-03-13 22:47:00	PGE1	5.046	540.0	d4-PGE1	5.042	18525.0
s0002	s0002qc_h2	qc	2	h	3	111	2015-03-13 22:47:00	PGE2	4.946000000000001	924.0	d9-PGE2	4.957	301.0
s0002	s0002qc_h2	qc	2	h	3	111	2015-03-13 22:47:00	PGE3	3.95	389535.0	d9-PGE2	4.957	301.0
